content_id,country_id
1,1
2,2
5,3
8,1
8,4
8,5
8,6
8,7
8,8
9,6
10,1
13,7
13,9
16,1
18,10
22,11
25,3
26,12
28,1
29,1
30,1
30,3
30,13
33,6
38,14
39,15
39,16
39,1
40,3
41,1
42,1
43,1
44,1
45,1
47,2
47,1
47,17
49,1
50,18
51,3
52,17
53,17
54,17
55,17
56,1
57,17
58,17
59,17
60,17
61,17
62,17
63,17
64,17
66,6
67,3
68,1
70,3
73,6
74,18
77,17
82,1
83,1
85,18
91,19
91,1
92,13
93,20
95,6
95,1
96,1
96,6
97,1
98,1
99,6
100,13
100,1
102,1
105,21
106,3
107,1
108,1
109,12
110,19
112,1
112,22
115,3
116,6
116,12
116,13
117,3
118,6
118,1
119,3
121,12
123,6
123,12
123,13
123,1
125,21
126,1
127,3
128,1
128,16
130,7
130,1
132,1
134,2
134,1
135,1
135,10
136,1
136,23
136,13
136,17
137,1
137,23
137,24
137,6
138,12
138,1
139,1
140,1
141,25
141,26
142,1
142,6
142,16
143,7
143,1
144,1
145,1
146,1
147,1
150,1
151,1
152,15
152,27
153,1
154,28
155,17
156,6
156,1
157,1
158,16
159,1
160,27
161,1
162,1
163,1
163,15
163,27
164,1
165,1
167,23
167,1
168,1
168,16
169,1
170,1
171,1
172,1
173,1
173,7
174,1
175,1
176,1
177,1
178,6
178,1
179,1
180,1
183,1
184,1
185,1
189,13
191,3
192,6
192,16
192,1
193,3
194,21
196,3
199,18
200,3
201,3
202,3
203,3
204,3
205,3
206,3
207,3
208,3
209,3
210,3
211,3
212,3
213,29
216,3
217,3
218,3
220,17
221,1
228,1
229,1
229,6
230,1
232,1
233,1
234,6
242,1
248,1
252,1
254,3
255,1
260,3
260,30
264,1
265,1
266,17
267,3
268,31
268,12
268,13
268,1
270,23
271,23
271,32
271,33
272,1
273,1
274,13
275,1
276,25
277,19
278,34
279,35
280,1
280,17
281,1
282,18
283,10
284,20
284,6
285,6
285,1
286,36
286,6
286,12
287,1
289,35
290,21
291,1
292,17
293,6
294,2
296,1
297,37
297,1
298,3
299,18
300,13
301,16
301,1
302,3
303,32
304,25
305,6
306,25
306,19
307,18
308,1
309,1
311,1
312,10
313,1
314,38
315,1
316,1
316,18
317,38
318,1
320,38
322,38
323,38
324,1
325,23
326,1
327,1
328,1
328,6
329,39
329,1
330,1
330,16
331,1
331,16
333,1
333,10
334,1
335,1
336,1
338,1
338,16
339,17
341,1
341,6
342,1
343,1
344,1
345,1
346,1
346,16
347,1
348,19
348,6
348,1
349,6
349,1
350,1
351,1
352,1
352,7
353,1
353,15
354,1
355,1
356,1
357,1
357,13
358,19
358,13
358,6
358,1
359,1
360,1
361,1
362,1
366,13
366,40
367,6
371,1
375,18
378,41
379,1
381,1
383,1
384,3
386,7
387,1
387,16
390,13
390,37
390,7
390,1
390,6
391,1
392,16
392,1
393,1
394,12
402,19
403,6
404,1
411,3
416,3
426,1
427,31
430,18
434,1
435,25
437,42
438,1
440,43
441,1
443,1
443,16
446,1
447,1
448,1
449,1
450,1
451,1
452,1
453,44
454,17
457,21
458,45
458,46
458,7
460,1
461,1
461,16
463,1
464,23
470,1
470,16
473,1
474,1
475,1
475,36
478,1
479,7
487,27
487,16
487,1
489,1
490,47
490,1
492,1
493,1
494,1
494,17
495,1
497,13
497,16
497,1
497,19
500,1
503,18
504,41
507,12
509,13
509,48
509,22
510,1
511,16
512,1
513,13
513,20
514,1
515,6
516,6
517,43
518,17
519,3
520,6
521,1
522,16
523,28
524,6
525,17
526,1
526,16
527,1
528,29
528,1
528,6
529,3
530,45
531,1
532,49
533,1
534,37
535,44
536,16
537,12
538,17
539,6
540,12
540,31
541,6
541,7
542,3
543,3
544,20
544,48
545,16
546,21
548,1
549,1
552,3
554,13
555,18
556,21
556,9
557,21
558,12
558,1
559,1
560,1
560,7
562,1
563,1
564,1
565,1
566,12
566,7
567,1
567,7
568,1
569,1
570,50
573,6
573,20
574,1
574,15
575,1
575,15
576,1
577,6
577,12
577,1
579,13
579,17
579,1
580,1
582,1
583,1
584,1
584,6
585,1
586,6
586,1
589,1
590,6
592,1
593,1
594,1
595,1
595,7
596,7
596,1
597,1
598,1
599,1
599,6
600,1
601,1
602,1
603,1
604,1
605,6
605,7
605,19
605,1
606,1
607,6
607,1
607,13
607,23
608,1
609,1
609,7
609,16
610,1
610,13
610,23
610,6
611,1
611,6
611,7
611,51
612,1
612,16
613,1
613,31
614,18
615,1
615,31
616,1
618,52
619,1
621,1
623,1
626,10
628,15
629,1
631,1
632,17
635,13
636,53
637,1
637,16
639,1
643,17
644,1
649,1
651,32
652,18
655,24
656,24
657,24
658,1
660,43
661,1
662,13
663,1
665,19
666,14
666,7
668,1
669,1
670,19
674,25
675,1
676,17
677,1
678,16
678,1
679,1
680,43
681,1
682,6
683,12
685,19
686,1
687,21
689,18
695,53
695,54
697,16
697,1
699,55
700,56
702,16
703,1
704,11
706,7
709,1
710,25
712,23
714,1
717,1
719,1
720,1
722,1
723,1
724,1
725,1
725,6
727,1
728,1
729,1
732,21
734,46
735,13
735,1
736,3
737,1
737,3
738,55
738,22
738,44
740,15
740,1
740,16
741,1
742,53
742,57
743,50
744,16
744,1
744,46
745,35
746,57
747,1
748,18
749,1
750,1
751,10
751,13
751,35
753,1
753,6
754,35
755,6
755,1
756,48
757,18
758,1
759,6
763,21
764,1
765,2
766,19
767,10
768,17
769,52
770,25
771,57
773,23
774,55
775,1
776,1
777,1
778,1
779,17
780,1
781,6
783,16
783,1
784,32
785,1
785,16
786,1
787,1
788,1
789,1
790,6
791,1
792,1
793,1
794,1
795,18
796,1
797,1
798,1
799,1
800,1
801,1
802,1
803,7
803,1
803,13
804,17
805,16
805,1
809,1
809,39
810,1
811,1
813,1
814,1
814,16
815,1
817,6
817,13
817,7
817,1
818,1
819,1
820,1
821,57
822,6
823,1
824,1
825,1
826,1
827,1
829,1
831,1
834,37
835,1
837,43
838,58
838,46
839,25
840,54
840,13
840,53
840,59
841,23
844,17
847,1
849,1
851,3
854,1
856,1
858,19
860,45
861,12
863,1
864,1
866,1
867,1
868,1
869,16
869,1
870,10
871,1
872,3
873,1
874,3
875,6
877,3
878,3
879,20
879,48
880,1
881,1
881,9
882,2
883,60
884,1
885,21
886,16
886,2
888,61
890,1
891,1
892,6
893,3
895,10
895,32
896,13
896,1
897,1
900,19
901,1
902,1
903,21
904,3
905,1
906,15
907,11
908,1
909,1
910,3
911,1
912,3
914,3
915,6
915,1
916,7
916,13
917,1
918,1
919,3
920,1
921,10
921,1
922,1
923,1
925,1
927,1
929,1
931,1
932,1
933,6
933,13
933,19
933,1
934,6
934,1
935,6
935,16
935,1
936,1
943,1
943,12
944,1
945,15
946,6
947,1
947,13
948,1
948,6
948,13
949,1
950,1
950,28
951,1
951,6
951,31
952,1
953,1
954,1
955,16
956,13
956,1
957,1
960,3
963,1
963,6
967,32
969,41
970,1
971,1
972,19
973,11
974,3
975,3
976,1
977,11
978,11
979,11
980,11
981,11
982,11
983,11
984,19
985,11
986,11
987,11
989,43
990,11
991,11
992,45
994,1
995,18
996,11
997,17
998,12
998,6
999,3
1000,7
1000,1
1002,16
1002,18
1002,1
1003,10
1004,23
1005,12
1012,1
1013,10
1014,13
1014,1
1014,6
1014,16
1015,13
1015,6
1016,1
1017,3
1018,3
1019,3
1020,3
1020,6
1021,3
1022,3
1023,3
1024,3
1025,1
1027,1
1028,16
1028,1
1028,10
1030,1
1031,55
1032,7
1033,21
1034,6
1034,7
1034,1
1035,1
1036,9
1036,6
1036,1
1037,1
1038,3
1040,1
1041,17
1042,17
1043,1
1044,1
1045,17
1046,1
1047,1
1048,53
1049,1
1049,13
1050,15
1050,6
1051,17
1052,17
1053,1
1054,1
1056,1
1058,1
1059,23
1059,6
1060,1
1061,1
1061,3
1062,1
1063,21
1064,1
1065,21
1066,16
1067,15
1067,38
1068,43
1069,1
1070,3
1071,1
1076,1
1076,32
1076,17
1076,19
1076,3
1080,37
1080,1
1081,15
1082,1
1084,1
1085,15
1086,21
1087,18
1088,3
1089,1
1090,1
1091,44
1092,17
1094,3
1098,1
1098,15
1098,6
1099,3
1100,62
1101,1
1102,1
1102,16
1103,1
1104,15
1105,1
1105,16
1106,6
1106,1
1107,1
1108,18
1109,3
1110,48
1111,13
1112,1
1112,6
1112,13
1113,1
1114,1
1115,3
1116,3
1118,53
1118,63
1118,46
1118,59
1119,1
1119,16
1120,1
1120,16
1121,17
1121,1
1122,1
1123,3
1124,64
1124,7
1125,1
1126,6
1127,1
1128,1
1129,1
1130,6
1132,17
1134,1
1135,1
1135,17
1136,1
1137,44
1138,45
1138,42
1139,6
1139,13
1139,41
1139,7
1139,1
1140,1
1141,1
1142,3
1143,1
1144,1
1145,1
1145,6
1146,29
1146,36
1146,6
1146,13
1146,1
1147,1
1147,10
1148,6
1149,21
1150,17
1151,1
1152,15
1152,6
1153,1
1154,6
1154,2
1154,13
1155,1
1156,18
1157,1
1158,1
1159,1
1161,29
1161,6
1161,13
1161,7
1162,6
1163,11
1164,19
1165,19
1166,3
1167,6
1168,23
1169,1
1170,17
1171,28
1171,1
1172,1
1173,2
1174,21
1175,21
1176,6
1176,1
1176,13
1177,17
1178,38
1179,1
1180,1
1180,17
1182,1
1183,6
1185,15
1186,18
1187,17
1188,1
1189,32
1190,1
1191,6
1191,1
1192,1
1193,6
1195,18
1196,1
1197,20
1198,6
1198,1
1199,7
1200,1
1201,1
1202,45
1203,3
1204,1
1204,3
1204,6
1205,1
1206,1
1206,6
1207,6
1209,11
1210,65
1211,21
1212,11
1213,11
1214,1
1216,11
1217,11
1218,6
1219,1
1220,11
1221,19
1221,25
1222,44
1223,1
1224,13
1227,7
1228,3
1229,3
1229,6
1229,13
1229,59
1230,45
1231,3
1232,1
1233,35
1234,18
1235,19
1237,13
1238,44
1239,1
1239,12
1240,1
1241,1
1242,1
1243,1
1244,1
1245,3
1246,1
1249,1
1252,1
1252,6
1253,7
1254,1
1255,1
1257,1
1257,7
1258,17
1259,20
1259,13
1260,1
1261,19
1262,25
1262,66
1264,1
1264,43
1265,1
1266,3
1267,66
1267,32
1268,7
1269,1
1269,35
1270,44
1271,1
1271,35
1273,1
1274,17
1275,1
1276,1
1278,1
1279,1
1280,16
1281,6
1282,3
1283,3
1284,1
1285,16
1285,1
1285,6
1286,21
1287,38
1288,6
1289,1
1291,6
1291,1
1292,3
1293,64
1294,3
1295,7
1296,3
1297,21
1298,1
1299,21
1301,1
1302,6
1303,1
1304,1
1305,1
1306,3
1307,1
1308,1
1309,6
1310,1
1311,1
1312,18
1313,6
1314,1
1315,1
1316,19
1317,3
1318,6
1319,1
1320,10
1321,67
1322,10
1323,19
1324,44
1325,1
1326,52
1327,41
1328,1
1329,1
1330,13
1331,1
1332,1
1333,1
1334,1
1334,68
1334,24
1335,15
1336,1
1337,13
1338,69
1339,19
1340,32
1341,38
1342,1
1343,21
1344,1
1345,23
1346,15
1347,41
1348,19
1348,20
1348,1
1349,1
1350,35
1351,1
1352,10
1353,1
1354,1
1355,16
1356,1
1357,1
1358,6
1359,1
1360,6
1360,1
1360,12
1361,55
1362,1
1363,16
1363,1
1363,13
1364,1
1365,1
1366,13
1367,70
1367,1
1368,1
1369,19
1370,1
1371,6
1372,1
1373,44
1374,11
1375,1
1376,1
1377,3
1378,1
1379,12
1379,1
1380,18
1381,1
1381,6
1384,16
1385,21
1386,17
1387,70
1387,19
1388,1
1388,13
1389,3
1389,1
1390,1
1391,6
1391,29
1392,1
1393,10
1394,1
1395,1
1396,1
1397,1
1398,6
1398,19
1398,1
1399,1
1399,43
1400,1
1401,1
1402,1
1403,1
1404,32
1405,1
1406,51
1406,1
1407,1
1408,1
1408,21
1409,1
1409,16
1410,1
1411,3
1412,1
1413,21
1414,44
1415,44
1416,1
1417,1
1418,25
1420,6
1421,1
1422,13
1423,3
1424,3
1425,16
1425,1
1425,71
1426,1
1427,3
1428,6
1429,3
1429,13
1430,3
1431,1
1432,11
1433,19
1434,44
1435,13
1435,16
1436,16
1436,51
1436,1
1438,1
1439,13
1440,1
1441,10
1441,1
1442,3
1444,1
1445,1
1446,58
1447,1
1448,1
1448,16
1449,1
1450,1
1451,1
1452,1
1453,1
1454,1
1455,1
1456,1
1457,1
1458,1
1459,6
1460,1
1461,10
1462,1
1464,16
1464,6
1464,1
1465,1
1466,1
1467,1
1468,6
1468,7
1468,13
1468,1
1469,21
1470,1
1471,1
1473,3
1474,1
1475,44
1476,44
1477,1
1478,1
1479,46
1479,1
1480,23
1481,6
1482,38
1484,21
1485,1
1486,1
1486,16
1487,1
1488,72
1489,13
1489,40
1490,3
1491,16
1492,3
1493,1
1494,55
1495,1
1496,44
1497,44
1498,55
1499,1
1500,1
1501,38
1502,1
1503,1
1504,21
1505,48
1506,1
1507,6
1507,14
1507,7
1507,1
1507,12
1507,17
1507,13
1507,29
1508,6
1509,6
1510,1
1511,1
1511,6
1512,45
1513,6
1514,1
1515,2
1516,1
1517,58
1518,1
1520,49
1521,3
1522,49
1523,49
1524,35
1525,16
1526,44
1527,55
1528,48
1529,21
1530,55
1531,1
1533,32
1535,55
1535,16
1535,6
1535,1
1536,2
1537,1
1538,1
1539,1
1539,17
1540,17
1541,1
1542,6
1543,3
1544,1
1545,16
1546,1
1547,1
1548,1
1549,1
1550,29
1550,13
1550,56
1550,1
1550,10
1550,20
1550,6
1550,27
1551,1
1552,6
1552,16
1552,1
1553,1
1554,1
1555,53
1556,13
1558,1
1559,1
1560,19
1561,1
1562,3
1563,17
1564,16
1564,1
1566,55
1567,55
1568,55
1569,55
1570,42
1571,45
1572,23
1573,1
1574,1
1575,1
1576,22
1577,1
1578,32
1579,47
1580,1
1581,1
1583,1
1584,21
1585,1
1587,13
1588,38
1589,16
1590,3
1591,1
1592,1
1593,7
1594,2
1595,11
1596,1
1598,1
1599,55
1600,13
1600,20
1602,32
1603,55
1604,6
1605,56
1606,44
1607,41
1608,7
1609,1
1609,13
1609,73
1610,1
1611,1
1611,23
1612,1
1613,1
1614,6
1615,19
1615,23
1616,1
1617,1
1618,1
1619,1
1619,29
1619,6
1619,3
1620,6
1620,22
1621,27
1621,1
1622,12
1622,1
1623,1
1623,16
1624,1
1625,1
1625,74
1625,13
1625,6
1626,21
1627,1
1627,15
1627,16
1628,1
1629,6
1630,55
1631,55
1632,1
1633,1
1634,1
1635,21
1636,1
1637,1
1638,19
1639,3
1640,12
1641,7
1642,1
1643,23
1644,21
1645,55
1646,1
1647,1
1648,55
1649,6
1650,17
1651,6
1651,1
1652,16
1654,3
1655,18
1656,1
1657,1
1658,25
1659,45
1660,1
1661,1
1662,21
1663,45
1664,1
1665,1
1665,28
1666,65
1667,1
1668,15
1670,1
1671,3
1672,1
1673,1
1674,3
1675,3
1676,3
1677,3
1678,55
1679,3
1680,3
1681,3
1682,1
1683,55
1684,3
1685,1
1686,1
1686,17
1687,1
1688,1
1689,1
1690,6
1690,1
1691,1
1692,1
1692,16
1693,1
1694,17
1695,1
1696,16
1697,16
1697,1
1697,29
1698,1
1699,6
1699,1
1700,1
1701,1
1702,1
1703,3
1704,1
1705,32
1706,23
1707,19
1708,55
1709,11
1710,55
1711,1
1712,21
1713,3
1714,25
1715,1
1715,16
1716,32
1717,12
1718,1
1719,1
1720,53
1720,16
1720,13
1721,61
1722,1
1723,1
1725,17
1725,16
1725,1
1726,18
1727,1
1728,38
1729,19
1729,13
1729,16
1730,1
1731,12
1732,1
1733,55
1734,25
1735,16
1736,55
1737,1
1738,45
1739,16
1740,16
1741,52
1742,3
1743,7
1744,17
1747,16
1748,16
1748,1
1749,1
1750,1
1751,1
1752,1
1753,1
1754,16
1755,1
1756,1
1757,1
1758,1
1759,16
1760,46
1760,22
1760,16
1760,1
1761,1
1761,13
1761,46
1762,1
1763,1
1763,15
1763,35
1764,1
1765,6
1765,13
1765,7
1765,1
1766,13
1766,1
1767,21
1768,19
1768,43
1768,1
1769,1
1770,21
1771,1
1772,32
1773,58
1774,12
1775,1
1776,6
1777,18
1778,3
1780,1
1781,13
1782,1
1783,23
1784,10
1784,19
1785,55
1786,1
1788,1
1789,41
1790,1
1791,1
1792,1
1793,25
1794,1
1795,38
1796,3
1797,29
1797,67
1797,20
1798,12
1799,32
1800,7
1801,1
1802,15
1802,1
1803,1
1804,19
1805,1
1806,1
1807,58
1808,55
1809,6
1810,55
1811,16
1811,20
1812,1
1813,16
1813,6
1814,1
1815,6
1816,16
1817,1
1818,53
1819,53
1820,53
1821,53
1821,57
1821,13
1821,36
1821,7
1822,53
1823,13
1823,20
1823,23
1824,53
1825,53
1825,1
1825,57
1826,53
1826,13
1827,13
1827,53
1828,13
1828,53
1828,6
1830,13
1830,58
1830,53
1830,20
1831,53
1832,53
1832,16
1832,13
1833,52
1833,9
1833,6
1833,46
1833,48
1834,1
1835,21
1836,6
1837,65
1838,1
1839,1
1840,13
1841,10
1841,19
1842,1
1843,1
1843,6
1843,3
1844,1
1844,28
1845,1
1846,1
1847,45
1848,6
1849,1
1850,44
1850,48
1851,44
1852,1
1853,1
1854,3
1855,1
1856,38
1857,1
1858,10
1859,3
1860,6
1861,1
1862,3
1863,3
1864,3
1865,1
1866,3
1867,3
1868,1
1869,1
1870,3
1871,11
1871,21
1872,16
1873,1
1874,1
1875,13
1876,21
1877,25
1878,21
1879,1
1879,16
1880,1
1881,28
1882,1
1883,6
1884,16
1885,1
1886,3
1887,1
1887,6
1888,16
1889,11
1892,11
1894,1
1895,1
1896,12
1897,18
1898,3
1899,23
1900,11
1901,1
1902,10
1903,49
1904,73
1904,1
1905,1
1906,2
1907,1
1908,21
1909,17
1910,1
1911,32
1912,1
1913,31
1914,1
1914,10
1916,7
1916,9
1917,1
1917,6
1918,25
1919,17
1921,42
1922,1
1922,39
1923,1
1924,1
1925,1
1926,10
1927,1
1928,75
1929,17
1930,1
1931,6
1931,65
1932,1
1933,1
1934,12
1935,1
1936,1
1937,1
1938,2
1938,1
1939,3
1940,3
1941,3
1942,3
1943,3
1944,3
1945,3
1946,3
1947,3
1948,1
1949,1
1950,1
1951,3
1952,7
1955,1
1956,21
1958,1
1958,3
1959,1
1960,6
1961,1
1962,1
1963,1
1964,17
1965,17
1966,17
1967,17
1968,17
1970,17
1971,45
1972,3
1973,3
1975,3
1976,3
1977,3
1978,3
1979,1
1980,1
1981,1
1982,44
1983,3
1985,13
1986,6
1988,1
1989,7
1990,23
1991,1
1992,6
1992,13
1992,7
1992,19
1994,41
1995,1
1996,1
1997,19
1998,6
1998,13
1998,1
1998,20
1998,67
1998,15
1998,7
1999,6
2000,43
2000,1
2001,6
2002,13
2002,1
2003,1
2004,1
2004,13
2004,16
2004,20
2006,18
2007,6
2007,15
2008,10
2009,13
2010,1
2011,1
2012,7
2012,15
2012,6
2013,19
2014,6
2016,3
2017,3
2018,3
2019,3
2020,3
2021,3
2022,1
2023,1
2024,3
2025,11
2026,3
2027,3
2028,44
2029,45
2030,1
2031,3
2032,13
2033,1
2034,19
2035,25
2036,1
2037,21
2038,21
2039,2
2040,11
2042,1
2043,12
2043,31
2043,1
2044,6
2045,1
2046,1
2047,2
2048,1
2049,18
2050,55
2051,32
2052,44
2053,1
2054,6
2055,1
2056,7
2057,7
2057,1
2058,50
2060,27
2060,56
2060,1
2061,55
2062,48
2063,17
2064,1
2065,46
2066,17
2066,1
2067,17
2068,17
2069,1
2070,13
2071,13
2071,12
2071,7
2072,1
2073,1
2074,1
2075,3
2076,19
2077,1
2078,23
2079,17
2080,1
2080,20
2080,16
2080,13
2081,6
2082,16
2083,3
2084,1
2085,1
2086,6
2086,1
2087,3
2088,2
2088,76
2089,19
2090,17
2091,1
2092,38
2093,1
2094,35
2095,1
2095,55
2096,1
2097,1
2098,6
2099,1
2100,1
2101,1
2103,18
2104,3
2105,10
2106,1
2107,16
2108,1
2109,21
2110,1
2111,45
2112,25
2113,1
2114,1
2116,1
2117,18
2118,44
2119,1
2120,44
2121,6
2121,1
2122,1
2122,6
2122,16
2122,15
2123,21
2125,46
2126,42
2127,3
2128,32
2130,16
2131,1
2131,18
2132,6
2133,1
2134,1
2135,35
2136,1
2137,17
2138,13
2139,6
2139,1
2140,1
2140,13
2141,1
2142,3
2143,1
2144,1
2145,1
2146,17
2147,1
2149,18
2150,1
2150,16
2150,6
2151,7
2152,19
2154,7
2155,1
2156,1
2157,1
2158,1
2159,1
2160,1
2161,16
2162,64
2163,46
2163,1
2164,13
2166,1
2168,1
2169,32
2170,1
2171,1
2172,1
2173,1
2174,1
2175,16
2176,17
2177,1
2178,16
2179,16
2180,11
2180,1
2181,17
2182,1
2184,16
2185,6
2186,7
2187,3
2188,2
2189,1
2190,1
2191,1
2191,16
2192,77
2192,7
2192,58
2193,1
2194,3
2196,18
2197,78
2198,32
2198,13
2199,41
2200,1
2201,1
2202,1
2203,1
2204,1
2205,3
2206,15
2207,3
2208,15
2208,19
2208,21
2208,1
2209,1
2210,18
2211,19
2211,7
2212,17
2213,19
2214,6
2214,1
2215,1
2216,21
2217,2
2218,1
2219,58
2220,1
2221,27
2221,15
2222,6
2224,6
2225,13
2225,20
2225,67
2225,68
2226,13
2227,12
2228,6
2228,12
2229,1
2230,1
2231,32
2232,18
2233,1
2234,13
2234,20
2235,18
2236,10
2238,1
2239,79
2240,18
2241,23
2242,1
2243,12
2244,13
2245,2
2246,32
2247,1
2248,45
2249,1
2250,1
2251,1
2252,20
2254,17
2255,11
2256,21
2257,31
2258,1
2259,12
2260,1
2261,1
2261,13
2263,1
2263,15
2265,3
2266,3
2267,3
2268,3
2269,3
2270,3
2271,3
2272,3
2273,3
2274,3
2275,3
2276,43
2277,3
2278,3
2279,3
2280,3
2281,3
2282,3
2283,3
2284,1
2285,3
2286,3
2287,3
2288,3
2289,3
2290,3
2291,3
2292,3
2293,3
2294,19
2295,1
2296,44
2296,6
2297,36
2297,13
2297,20
2297,1
2298,17
2299,1
2300,1
2301,4
2302,1
2303,32
2304,1
2305,23
2306,6
2307,38
2308,1
2308,16
2309,19
2310,11
2311,16
2312,1
2312,7
2312,16
2313,11
2314,1
2315,6
2315,1
2316,1
2317,19
2317,13
2317,16
2317,1
2318,1
2318,10
2319,13
2320,23
2321,17
2322,1
2323,66
2323,23
2324,6
2324,18
2325,44
2326,18
2328,7
2328,1
2329,12
2330,35
2331,1
2332,1
2333,18
2334,55
2335,3
2337,3
2338,21
2339,3
2340,3
2341,3
2342,1
2343,3
2344,6
2345,66
2346,1
2347,1
2348,3
2349,18
2350,21
2351,1
2352,18
2353,1
2354,3
2355,13
2355,45
2356,1
2357,1
2358,1
2359,13
2360,32
2361,11
2362,45
2362,13
2363,1
2364,13
2364,32
2364,19
2364,20
2365,17
2366,45
2366,40
2367,13
2367,45
2368,45
2369,45
2370,45
2372,55
2373,43
2374,45
2375,53
2376,45
2377,45
2378,16
2378,21
2378,1
2379,1
2380,6
2380,1
2381,1
2382,18
2382,6
2383,1
2384,1
2385,6
2385,1
2386,25
2386,19
2387,49
2388,18
2389,1
2390,3
2391,1
2392,44
2393,3
2394,1
2396,1
2396,13
2396,16
2397,7
2398,1
2399,17
2400,17
2401,10
2402,41
2402,1
2403,57
2403,34
2403,53
2403,42
2404,42
2405,23
2406,1
2407,1
2408,1
2409,21
2410,32
2411,21
2412,1
2413,41
2414,3
2415,3
2416,1
2416,10
2416,19
2416,74
2417,1
2418,1
2419,45
2420,1
2421,3
2422,18
2423,1
2424,1
2424,16
2425,1
2427,17
2428,11
2429,11
2430,45
2431,1
2432,1
2434,45
2435,45
2436,45
2438,45
2439,45
2440,45
2441,16
2442,42
2442,57
2443,45
2444,45
2445,17
2446,3
2447,80
2448,21
2449,57
2450,17
2451,17
2452,17
2452,1
2453,21
2454,21
2455,1
2456,6
2456,7
2456,57
2456,31
2457,24
2457,1
2458,57
2459,3
2460,1
2461,13
2461,45
2462,29
2463,17
2464,57
2465,57
2466,25
2467,12
2468,10
2468,1
2469,12
2470,15
2471,1
2472,1
2473,3
2474,1
2475,44
2476,44
2477,6
2478,18
2479,17
2480,1
2481,16
2482,44
2483,47
2486,66
2487,21
2488,45
2491,45
2492,45
2493,45
2494,16
2494,18
2495,1
2497,6
2498,1
2499,10
2500,35
2501,3
2502,45
2503,45
2504,45
2505,45
2506,45
2507,45
2508,1
2509,1
2510,45
2511,45
2512,42
2512,48
2512,7
2512,34
2512,57
2512,1
2513,45
2514,18
2515,6
2516,1
2517,47
2518,21
2519,21
2520,1
2521,53
2522,19
2523,13
2524,1
2525,1
2526,17
2527,1
2528,43
2529,21
2530,12
2531,6
2531,19
2532,44
2533,44
2534,57
2535,3
2537,10
2538,18
2539,47
2540,3
2541,1
2542,57
2543,16
2544,1
2545,3
2546,3
2547,14
2547,13
2548,1
2549,1
2550,1
2551,23
2552,1
2553,16
2554,6
2554,7
2554,1
2554,13
2555,16
2556,57
2557,47
2558,15
2559,44
2560,1
2562,1
2563,3
2563,6
2563,15
2563,16
2563,17
2563,21
2563,1
2564,32
2565,3
2566,25
2567,1
2568,35
2571,1
2572,1
2573,1
2574,1
2576,1
2577,1
2578,1
2579,13
2579,20
2580,1
2581,1
2582,1
2583,1
2584,28
2585,2
2586,23
2586,6
2586,13
2587,17
2588,3
2589,16
2590,3
2591,12
2591,1
2592,1
2593,1
2597,1
2597,6
2598,1
2599,17
2600,1
2600,10
2600,35
2601,1
2601,16
2602,32
2603,17
2604,38
2605,1
2606,11
2607,21
2608,18
2609,1
2610,6
2611,3
2612,2
2613,11
2614,11
2614,3
2615,45
2616,11
2617,11
2618,23
2618,11
2619,11
2621,11
2622,11
2623,1
2624,45
2625,24
2626,3
2627,3
2628,1
2629,6
2630,3
2631,45
2632,21
2633,6
2633,1
2633,17
2634,45
2635,13
2635,20
2635,1
2636,45
2637,45
2638,45
2639,45
2641,6
2643,3
2644,11
2645,3
2646,17
2646,1
2647,44
2648,44
2649,10
2650,44
2651,21
2652,1
2653,1
2654,41
2655,18
2656,19
2657,16
2657,1
2657,6
2658,6
2659,17
2660,1
2661,81
2661,1
2661,35
2662,1
2663,1
2664,3
2665,3
2666,21
2667,1
2668,11
2669,13
2669,20
2670,10
2671,3
2672,7
2673,1
2674,19
2674,7
2675,64
2675,25
2676,13
2677,37
2678,1
2678,6
2678,17
2679,1
2680,32
2681,1
2682,11
2683,55
2684,3
2685,1
2686,3
2687,1
2688,18
2689,18
2690,1
2691,16
2692,1
2693,1
2693,25
2694,6
2694,23
2695,13
2696,1
2697,23
2698,1
2699,17
2701,55
2702,1
2703,1
2704,1
2705,1
2706,1
2707,29
2707,6
2708,1
2709,66
2710,1
2711,1
2712,19
2713,6
2713,13
2713,20
2713,16
2713,1
2714,17
2715,17
2716,3
2717,3
2717,1
2718,3
2719,1
2720,52
2721,3
2721,1
2722,3
2723,3
2724,3
2725,3
2726,3
2727,3
2728,1
2729,3
2730,3
2731,3
2732,3
2733,3
2734,3
2735,3
2736,3
2737,6
2738,3
2739,3
2741,17
2742,3
2743,6
2744,1
2745,48
2745,7
2745,46
2745,6
2746,1
2747,6
2748,3
2749,15
2750,1
2751,3
2752,3
2754,1
2755,1
2756,16
2757,3
2758,1
2759,16
2759,1
2761,3
2762,21
2763,1
2764,1
2765,1
2766,3
2767,3
2768,1
2769,16
2770,16
2771,16
2772,1
2774,51
2776,43
2777,7
2778,7
2779,1
2780,1
2781,51
2782,19
2783,1
2784,61
2784,7
2785,38
2785,15
2787,25
2789,1
2789,17
2790,10
2791,1
2792,1
2793,3
2794,6
2795,6
2796,1
2797,23
2798,13
2799,1
2800,17
2800,1
2801,42
2802,1
2803,52
2804,17
2805,48
2806,6
2807,1
2808,6
2808,1
2808,29
2809,1
2810,1
2811,3
2814,1
2816,3
2817,1
2818,2
2819,58
2820,12
2821,1
2822,21
2822,1
2823,1
2824,11
2825,56
2826,1
2827,1
2828,32
2828,6
2829,16
2829,1
2830,1
2831,82
2831,1
2833,2
2834,3
2835,13
2836,1
2837,1
2838,19
2839,1
2840,18
2842,3
2843,43
2844,24
2844,13
2844,36
2844,7
2845,1
2846,24
2847,19
2848,1
2848,16
2849,32
2850,1
2851,3
2852,2
2853,6
2854,1
2855,17
2856,7
2857,3
2860,1
2861,6
2861,1
2861,13
2862,1
2863,2
2864,1
2866,13
2867,6
2867,16
2867,1
2868,1
2869,35
2870,3
2871,2
2872,19
2873,10
2874,3
2875,1
2876,17
2877,17
2878,42
2879,18
2880,18
2881,1
2882,18
2883,18
2884,1
2886,18
2887,1
2888,1
2889,21
2890,1
2891,16
2892,1
2893,21
2895,25
2896,7
2897,3
2898,1
2899,3
2900,2
2901,32
2902,24
2902,6
2903,1
2904,13
2904,74
2904,1
2905,1
2906,1
2907,18
2908,1
2909,1
2911,83
2912,6
2912,13
2912,20
2912,29
2912,1
2913,55
2914,41
2915,7
2916,2
2917,3
2918,3
2919,18
2920,17
2921,1
2922,10
2922,1
2924,43
2925,2
2926,1
2927,1
2928,1
2929,1
2930,10
2931,44
2932,1
2933,1
2934,1
2934,58
2934,16
2935,41
2935,1
2936,3
2937,4
2938,1
2939,18
2940,1
2941,3
2942,16
2942,1
2944,1
2945,1
2946,17
2947,65
2947,1
2948,1
2949,1
2950,1
2951,1
2952,1
2953,1
2954,1
2955,3
2956,19
2957,1
2958,3
2959,17
2960,21
2961,1
2962,16
2962,2
2963,13
2963,21
2963,17
2963,1
2964,48
2965,6
2966,17
2967,17
2968,1
2969,1
2970,3
2971,17
2972,10
2973,13
2974,18
2975,23
2976,1
2977,19
2978,17
2979,1
2980,6
2981,1
2982,13
2982,20
2984,6
2985,32
2986,3
2987,3
2988,3
2989,1
2990,38
2991,2
2993,18
2994,1
2995,1
2996,1
2997,10
2998,1
2999,17
3000,38
3000,49
3001,1
3002,1
3003,64
3003,25
3003,7
3003,19
3004,1
3005,3
3006,1
3007,3
3008,1
3009,1
3009,6
3009,13
3009,7
3009,17
3010,1
3011,48
3012,16
3013,7
3014,1
3015,1
3016,15
3017,1
3017,13
3017,17
3018,1
3019,6
3019,13
3019,1
3020,17
3021,17
3022,6
3022,1
3023,3
3024,19
3024,13
3024,1
3025,1
3026,61
3027,1
3028,1
3029,13
3030,41
3032,1
3033,3
3034,1
3035,6
3036,1
3037,3
3038,1
3039,6
3040,12
3041,13
3042,1
3043,1
3044,1
3045,19
3046,6
3047,10
3048,16
3049,3
3050,1
3051,20
3052,44
3052,21
3052,22
3053,21
3054,16
3055,6
3056,17
3058,1
3059,1
3059,21
3060,21
3060,1
3061,3
3062,1
3063,1
3063,19
3064,21
3066,1
3067,48
3067,7
3067,23
3067,16
3068,19
3068,7
3068,46
3068,1
3069,10
3069,19
3070,17
3071,44
3072,21
3074,1
3075,21
3076,1
3077,21
3078,3
3079,3
3080,17
3081,1
3082,1
3083,58
3083,52
3085,21
3085,16
3085,1
3085,15
3086,21
3088,15
3089,17
3090,17
3091,2
3092,25
3092,64
3092,73
3093,1
3095,23
3096,13
3097,1
3098,1
3099,17
3100,1
3101,37
3101,1
3102,13
3102,17
3103,1
3104,17
3105,10
3106,1
3107,1
3108,1
3109,1
3110,12
3111,18
3112,60
3112,2
3113,18
3115,18
3117,6
3117,23
3118,1
3118,41
3119,1
3119,10
3120,13
3121,41
3122,6
3122,1
3123,1
3124,1
3125,69
3126,6
3126,1
3126,7
3126,46
3126,20
3126,17
3127,3
3128,21
3129,1
3130,21
3131,18
3132,3
3133,3
3134,3
3135,3
3135,7
3136,3
3137,3
3138,17
3140,3
3141,18
3142,3
3143,3
3144,3
3145,4
3146,3
3147,1
3148,3
3149,1
3150,3
3151,1
3152,18
3153,2
3154,18
3156,38
3158,6
3159,3
3159,6
3159,16
3159,1
3160,45
3161,1
3162,1
3163,1
3164,3
3165,32
3166,1
3167,18
3169,1
3170,6
3170,1
3171,17
3172,18
3173,1
3174,17
3175,32
3176,1
3177,19
3179,18
3180,6
3180,18
3181,1
3182,1
3183,1
3184,1
3185,15
3186,35
3187,1
3188,1
3189,1
3190,3
3191,1
3192,55
3192,1
3193,1
3194,3
3195,12
3196,3
3197,3
3198,6
3199,3
3201,43
3202,3
3203,13
3204,24
3204,39
3204,51
3205,21
3206,64
3206,84
3207,3
3208,13
3208,72
3208,20
3209,6
3209,16
3210,18
3211,13
3212,2
3213,10
3213,1
3213,19
3213,35
3215,18
3216,18
3218,18
3219,1
3220,17
3221,32
3222,1
3223,13
3224,1
3225,3
3227,16
3227,58
3228,1
3229,1
3230,1
3231,41
3233,10
3234,3
3235,19
3236,1
3237,15
3238,13
3239,1
3240,17
3241,1
3242,1
3243,1
3244,32
3245,1
3246,22
3246,1
3247,1
3247,16
3248,1
3249,1
3250,43
3251,1
3252,3
3253,7
3254,10
3255,3
3256,13
3257,1
3259,38
3260,14
3260,7
3260,20
3261,1
3262,6
3262,13
3263,1
3263,66
3264,38
3265,6
3265,17
3265,1
3266,35
3267,25
3268,3
3269,3
3270,1
3271,21
3272,17
3273,17
3274,19
3274,6
3275,38
3276,1
3277,38
3278,21
3279,3
3279,1
3280,10
3281,17
3282,43
3283,1
3284,11
3286,13
3287,43
3288,25
3288,1
3288,10
3289,21
3290,1
3291,1
3292,15
3293,1
3294,3
3295,6
3296,6
3296,16
3296,1
3297,1
3298,13
3299,35
3300,3
3301,1
3302,17
3303,15
3303,27
3304,32
3305,1
3306,1
3307,6
3308,1
3309,21
3310,1
3311,6
3312,1
3313,3
3314,1
3315,1
3316,1
3317,1
3318,1
3318,16
3319,1
3320,1
3320,21
3320,17
3321,1
3321,16
3322,1
3323,1
3324,1
3324,16
3325,1
3326,1
3327,19
3328,1
3329,13
3330,1
3331,1
3332,1
3333,6
3334,17
3335,3
3336,1
3337,17
3338,1
3339,1
3340,17
3341,17
3342,17
3343,1
3343,17
3344,1
3345,1
3346,16
3346,12
3348,6
3348,51
3348,12
3349,23
3349,20
3350,10
3351,16
3352,25
3352,19
3353,7
3354,10
3355,25
3356,1
3356,17
3357,38
3359,21
3360,3
3361,21
3363,1
3364,1
3365,1
3366,10
3366,1
3367,6
3368,15
3369,15
3370,1
3371,32
3372,11
3373,1
3374,19
3375,1
3375,6
3375,7
3376,25
3378,13
3379,19
3380,1
3381,36
3382,15
3383,1
3384,1
3385,22
3385,49
3386,1
3387,1
3388,27
3388,15
3389,1
3390,6
3392,13
3392,20
3392,67
3392,24
3392,16
3392,1
3393,2
3393,18
3399,1
3401,6
3402,6
3403,11
3404,3
3406,19
3407,1
3408,18
3409,6
3410,1
3411,48
3412,18
3413,3
3414,44
3415,15
3416,12
3417,21
3418,1
3419,1
3420,21
3421,21
3422,1
3422,6
3423,1
3424,11
3425,16
3426,13
3427,21
3428,11
3429,1
3430,1
3431,1
3432,18
3433,17
3434,13
3435,19
3435,13
3438,17
3439,1
3440,1
3441,1
3442,1
3443,1
3444,44
3445,10
3446,21
3447,3
3448,6
3448,27
3449,11
3450,6
3450,16
3451,16
3451,1
3452,11
3453,6
3454,1
3455,1
3457,1
3458,1
3459,1
3460,10
3461,1
3462,21
3463,21
3464,3
3465,3
3466,48
3467,3
3468,3
3469,3
3471,21
3472,1
3473,7
3473,1
3474,21
3475,21
3476,1
3477,1
3478,1
3479,6
3481,17
3482,3
3483,11
3484,25
3485,1
3485,16
3486,1
3487,3
3488,27
3488,15
3489,10
3490,1
3491,1
3491,10
3492,12
3495,1
3496,1
3497,3
3498,1
3499,3
3500,21
3501,1
3503,7
3504,19
3505,1
3506,1
3507,19
3508,11
3509,16
3510,3
3511,21
3512,6
3513,1
3514,1
3515,1
3516,1
3517,3
3518,1
3519,1
3520,17
3521,11
3522,13
3523,15
3524,1
3526,1
3527,1
3528,1
3529,1
3529,6
3530,6
3531,3
3532,3
3533,3
3534,11
3535,13
3536,1
3537,82
3538,3
3539,32
3539,1
3541,1
3542,17
3543,46
3543,32
3543,13
3543,70
3543,52
3544,6
3545,1
3546,57
3547,15
3547,6
3549,35
3550,66
3552,6
3552,1
3553,35
3554,1
3554,16
3555,19
3556,1
3557,32
3558,1
3559,6
3560,1
3561,27
3562,1
3564,3
3565,3
3566,15
3566,38
3567,3
3568,1
3570,3
3570,11
3572,1
3573,55
3574,6
3575,6
3576,19
3577,25
3578,28
3579,1
3580,35
3581,21
3581,1
3582,1
3583,1
3584,1
3585,16
3586,15
3587,19
3588,19
3589,1
3589,17
3590,3
3590,1
3591,38
3592,32
3594,3
3595,3
3596,1
3597,10
3598,1
3599,1
3601,1
3602,1
3603,3
3604,1
3605,32
3606,1
3607,21
3608,53
3609,1
3610,49
3610,22
3610,27
3611,21
3612,21
3613,21
3614,21
3615,21
3616,1
3617,3
3618,1
3619,55
3620,1
3621,1
3622,1
3623,1
3624,1
3624,17
3625,1
3626,10
3627,48
3628,1
3630,6
3630,1
3631,3
3632,3
3633,43
3634,12
3635,16
3637,1
3638,19
3639,55
3639,22
3640,13
3640,20
3641,21
3642,25
3643,1
3644,1
3645,12
3645,16
3646,1
3647,1
3648,27
3649,27
3650,27
3650,15
3651,27
3651,15
3652,27
3653,19
3654,1
3655,1
3656,3
3657,21
3658,1
3659,3
3660,1
3661,15
3662,3
3663,1
3664,17
3665,17
3666,17
3667,17
3668,1
3669,19
3670,52
3671,38
3671,15
3671,13
3671,1
3673,7
3674,21
3676,13
3676,1
3677,7
3677,23
3679,19
3680,1
3681,1
3682,25
3683,15
3684,1
3686,1
3687,1
3688,12
3689,43
3690,43
3691,21
3692,1
3693,1
3694,1
3695,13
3696,13
3697,17
3698,1
3698,19
3699,43
3700,3
3701,1
3702,3
3703,1
3704,35
3704,77
3704,6
3705,1
3706,12
3707,10
3708,12
3708,1
3709,19
3710,6
3712,10
3713,17
3714,3
3715,3
3716,1
3717,17
3718,43
3718,15
3718,1
3719,25
3719,1
3720,35
3721,17
3722,1
3723,25
3724,17
3725,17
3726,1
3727,31
3728,1
3729,17
3730,3
3731,13
3732,1
3733,32
3734,1
3735,1
3736,7
3737,17
3738,17
3739,52
3739,1
3740,3
3741,3
3742,17
3743,15
3744,19
3745,20
3746,1
3747,13
3747,20
3748,32
3750,1
3751,3
3752,1
3753,1
3754,1
3755,10
3756,34
3757,1
3758,44
3759,1
3760,1
3761,49
3762,64
3762,19
3762,10
3763,1
3764,19
3765,12
3766,3
3767,13
3767,67
3767,16
3768,7
3769,3
3770,1
3771,1
3772,1
3773,7
3774,17
3775,6
3776,48
3777,1
3778,1
3779,1
3780,1
3781,21
3782,3
3783,38
3784,3
3785,17
3786,24
3787,27
3788,16
3789,3
3791,3
3792,15
3793,1
3794,21
3795,1
3796,1
3798,61
3799,1
3800,1
3801,1
3802,1
3804,1
3804,10
3805,3
3806,1
3807,1
3808,10
3809,10
3810,19
3811,46
3811,19
3812,19
3813,1
3814,55
3816,23
3817,1
3818,6
3819,1
3820,3
3821,6
3822,6
3823,3
3824,25
3826,1
3827,17
3828,1
3829,1
3830,1
3831,31
3832,15
3832,27
3833,66
3833,25
3834,13
3835,27
3835,15
3836,1
3837,19
3839,32
3840,15
3841,1
3842,1
3843,38
3853,21
3855,47
3856,53
3858,6
3858,20
3858,52
3859,15
3860,1
3861,10
3862,16
3862,32
3863,19
3864,1
3865,6
3866,21
3867,1
3868,1
3869,3
3870,1
3871,17
3872,6
3873,1
3874,49
3875,3
3876,27
3877,38
3878,1
3879,27
3880,17
3882,38
3884,38
3885,1
3886,3
3887,10
3887,1
3888,1
3889,35
3890,11
3891,3
3892,1
3893,1
3895,46
3898,38
3899,12
3900,3
3901,38
3902,17
3902,1
3903,32
3904,1
3905,23
3905,13
3906,6
3907,10
3909,6
3911,3
3912,3
3913,1
3914,3
3914,13
3915,3
3916,3
3917,3
3918,3
3919,3
3920,1
3921,1
3922,19
3923,11
3924,11
3925,23
3926,1
3927,1
3928,1
3929,21
3930,32
3931,16
3931,7
3932,1
3933,3
3935,1
3936,1
3937,6
3938,1
3939,1
3939,6
3940,3
3941,52
3942,49
3943,16
3943,1
3944,1
3945,10
3946,1
3947,21
3949,44
3950,53
3951,3
3952,49
3953,1
3955,15
3956,82
3956,57
3957,21
3958,1
3959,1
3959,17
3960,1
3961,4
3961,1
3962,6
3963,3
3964,10
3964,14
3965,13
3966,1
3967,1
3968,1
3970,6
3971,13
3971,16
3972,17
3973,44
3974,44
3975,1
3976,3
3978,19
3979,43
3980,1
3981,10
3982,3
3983,19
3984,1
3986,1
3987,1
3989,16
3990,17
3991,55
3992,55
3993,55
3994,55
3995,55
3996,64
3998,3
3999,17
4000,1
4001,1
4002,38
4003,57
4003,6
4003,3
4004,13
4004,20
4005,23
4006,48
4006,20
4007,19
4008,1
4009,1
4010,1
4011,1
4012,1
4012,38
4014,49
4015,6
4017,6
4018,55
4019,55
4020,55
4021,55
4022,55
4023,45
4024,45
4025,1
4027,45
4028,45
4029,1
4031,45
4032,57
4033,11
4034,1
4035,13
4037,1
4038,1
4039,55
4040,55
4041,55
4042,55
4043,1
4044,12
4045,21
4046,1
4047,55
4048,55
4049,17
4051,61
4051,85
4051,1
4052,43
4053,43
4054,13
4054,20
4055,3
4058,16
4059,16
4060,1
4060,13
4061,1
4063,6
4063,86
4064,17
4065,87
4065,25
4066,1
4067,19
4067,13
4068,19
4068,13
4069,55
4070,55
4071,55
4072,55
4073,3
4074,55
4075,55
4076,55
4077,55
4078,55
4079,55
4080,1
4081,1
4082,3
4083,19
4084,1
4085,1
4086,3
4087,1
4088,13
4089,3
4090,6
4091,32
4092,21
4093,1
4094,16
4095,3
4096,6
4096,28
4096,1
4097,1
4098,3
4099,3
4100,1
4101,32
4102,3
4103,3
4104,3
4105,46
4107,3
4108,3
4109,3
4111,31
4112,25
4113,3
4114,19
4115,1
4115,16
4116,1
4117,19
4118,1
4119,38
4120,20
4121,1
4122,1
4123,1
4124,1
4125,19
4126,45
4127,45
4128,21
4129,1
4130,6
4131,45
4132,17
4133,21
4134,6
4135,3
4136,1
4137,38
4138,1
4139,1
4140,1
4141,1
4142,1
4143,1
4144,28
4145,17
4146,1
4146,16
4147,1
4148,49
4149,15
4149,27
4152,3
4152,82
4153,3
4155,21
4156,19
4158,44
4158,22
4159,3
4160,44
4161,44
4162,44
4163,38
4164,1
4165,55
4166,19
4166,20
4167,6
4168,10
4169,19
4170,25
4170,19
4171,1
4171,7
4173,1
4174,25
4175,11
4176,6
4176,1
4177,1
4178,1
4179,1
4181,32
4182,10
4183,3
4184,6
4186,1
4187,82
4188,3
4189,3
4190,38
4191,3
4192,82
4193,21
4194,1
4195,44
4196,44
4197,38
4198,3
4199,55
4201,1
4202,29
4203,6
4204,1
4205,19
4206,1
4207,19
4207,6
4208,37
4209,17
4210,3
4211,69
4212,43
4213,56
4213,52
4213,20
4215,18
4218,6
4219,1
4220,43
4221,1
4222,3
4223,1
4224,17
4225,3
4226,3
4227,88
4228,1
4229,1
4230,6
4232,6
4233,6
4234,1
4236,6
4237,10
4238,1
4239,1
4240,1
4241,1
4242,38
4244,17
4245,1
4246,1
4247,6
4248,6
4249,1
4250,1
4252,43
4253,64
4253,25
4253,19
4254,1
4255,37
4256,3
4257,1
4258,3
4260,19
4261,1
4262,38
4263,6
4263,29
4263,1
4265,6
4267,1
4268,13
4268,20
4269,1
4270,38
4271,17
4272,38
4273,38
4274,7
4275,17
4276,41
4276,1
4277,11
4278,22
4279,17
4280,17
4281,22
4282,22
4283,22
4284,3
4285,1
4286,3
4287,1
4288,3
4289,15
4290,1
4291,1
4292,1
4293,16
4293,7
4293,13
4293,1
4294,1
4295,6
4295,17
4296,1
4297,6
4298,55
4299,1
4300,1
4301,1
4302,1
4303,19
4304,3
4305,21
4307,10
4307,1
4308,1
4309,1
4310,12
4311,16
4311,1
4312,1
4313,17
4314,1
4315,1
4316,23
4317,7
4318,1
4320,6
4320,1
4321,1
4322,12
4325,1
4327,21
4328,21
4329,82
4330,15
4330,27
4331,27
4332,10
4333,58
4333,46
4333,48
4333,52
4334,27
4334,15
4335,27
4336,3
4337,49
4338,27
4339,27
4339,15
4340,12
4342,27
4342,15
4342,1
4343,15
4343,27
4344,27
4346,27
4347,3
4348,1
4349,27
4350,15
4351,41
4351,1
4352,1
4353,29
4353,16
4354,1
4355,10
4356,23
4356,36
4356,13
4356,7
4357,17
4358,3
4359,3
4360,1
4360,16
4361,13
4362,10
4362,48
4363,1
4364,1
4364,52
4365,1
4366,16
4367,19
4368,6
4369,1
4370,1
4371,19
4374,1
4374,16
4375,44
4376,44
4377,1
4378,1
4379,1
4380,15
4381,1
4381,10
4382,1
4383,1
4384,13
4384,20
4385,16
4386,1
4387,1
4388,32
4389,3
4391,16
4392,3
4393,44
4394,3
4395,3
4396,3
4397,19
4398,55
4400,46
4401,7
4401,13
4401,28
4402,27
4403,7
4404,1
4405,6
4405,1
4406,32
4407,35
4408,21
4408,1
4409,1
4410,13
4410,20
4411,1
4412,3
4413,1
4414,49
4415,32
4417,1
4418,1
4419,13
4419,89
4419,1
4420,1
4421,3
4422,3
4423,3
4424,3
4425,3
4426,3
4427,3
4428,3
4429,16
4430,3
4431,25
4432,6
4432,3
4433,3
4434,3
4435,1
4436,32
4437,1
4438,3
4439,3
4440,3
4441,3
4442,3
4443,3
4444,3
4445,3
4446,3
4447,3
4448,1
4449,3
4450,3
4451,1
4452,3
4453,3
4454,3
4455,3
4456,3
4457,3
4458,3
4459,3
4460,3
4461,1
4463,1
4464,2
4465,3
4466,3
4467,3
4468,19
4468,13
4469,55
4470,17
4471,27
4471,15
4473,28
4473,41
4473,73
4474,19
4474,70
4475,35
4476,1
4476,6
4477,1
4477,9
4478,3
4479,1
4480,1
4481,1
4483,1
4484,15
4485,1
4486,1
4487,77
4488,15
4489,12
4490,1
4491,10
4491,25
4493,6
4493,16
4493,1
4493,71
4494,21
4495,1
4496,1
4497,3
4499,43
4500,27
4500,15
4501,44
4501,1
4502,6
4503,3
4504,16
4505,12
4506,1
4507,3
4508,3
4509,6
4510,3
4511,6
4511,1
4513,19
4513,13
4514,1
4516,44
4517,1
4518,1
4519,1
4520,1
4520,37
4520,6
4520,16
4523,58
4523,56
4523,1
4524,32
4525,1
4526,1
4527,49
4528,1
4529,1
4531,9
4531,1
4532,17
4533,6
4534,1
4536,21
4538,6
4538,3
4538,1
4539,1
4540,1
4540,39
4541,1
4543,6
4545,6
4546,6
4547,1
4548,6
4549,6
4550,6
4551,6
4551,90
4552,6
4553,6
4554,1
4554,6
4555,6
4556,6
4557,3
4558,16
4559,3
4560,3
4561,3
4562,3
4563,3
4564,3
4566,3
4568,3
4569,3
4570,3
4571,1
4572,3
4573,3
4574,3
4575,3
4576,3
4577,3
4578,3
4579,3
4580,3
4581,3
4582,3
4583,3
4584,3
4585,3
4586,3
4587,3
4588,3
4589,3
4590,1
4591,1
4591,16
4592,1
4593,3
4594,3
4595,3
4596,3
4597,3
4597,1
4598,3
4599,3
4600,3
4601,3
4602,3
4603,3
4604,3
4605,1
4606,3
4608,3
4609,6
4610,3
4611,3
4612,3
4613,3
4614,3
4614,12
4615,3
4616,82
4617,1
4617,6
4618,32
4619,15
4620,1
4621,1
4622,1
4623,16
4624,21
4624,1
4625,44
4626,19
4627,6
4627,1
4629,17
4630,1
4631,1
4632,32
4633,1
4634,17
4635,16
4635,1
4636,53
4637,1
4639,10
4640,1
4642,37
4642,1
4643,1
4644,15
4645,1
4646,21
4647,23
4648,1
4650,48
4652,1
4653,1
4654,1
4656,1
4657,15
4657,16
4657,1
4658,1
4659,1
4660,20
4660,6
4660,1
4661,3
4662,6
4662,1
4663,43
4664,1
4665,38
4666,13
4666,20
4667,3
4668,3
4669,3
4670,3
4670,7
4670,61
4671,12
4672,13
4673,19
4674,1
4674,9
4675,1
4676,19
4677,1
4677,32
4677,21
4677,10
4677,17
4677,7
4679,35
4680,3
4681,3
4682,3
4683,1
4684,1
4686,3
4687,16
4688,15
4689,1
4690,6
4691,3
4692,3
4693,3
4694,3
4695,3
4696,1
4697,1
4698,19
4698,10
4699,1
4700,21
4701,3
4702,1
4702,3
4703,12
4704,1
4705,1
4706,6
4706,13
4706,1
4707,1
4708,1
4709,25
4709,19
4710,1
4712,38
4713,3
4714,3
4715,3
4716,15
4716,17
4717,19
4719,1
4720,3
4721,3
4722,3
4723,3
4724,3
4725,3
4726,3
4727,3
4728,3
4729,3
4730,3
4731,3
4732,3
4733,3
4734,3
4735,3
4736,3
4737,3
4738,3
4739,10
4740,1
4741,25
4741,13
4742,17
4743,17
4744,13
4745,17
4746,12
4747,12
4748,12
4749,13
4749,20
4750,10
4751,10
4751,1
4752,1
4753,17
4754,12
4754,1
4755,19
4756,3
4757,1
4758,19
4759,6
4760,31
4761,15
4761,1
4761,6
4762,1
4763,1
4764,17
4765,16
4765,1
4766,32
4767,19
4769,19
4770,17
4771,12
4772,1
4773,15
4774,1
4775,1
4776,10
4777,37
4778,6
4779,1
4780,21
4781,1
4782,25
4783,1
4784,19
4785,13
4785,67
4785,1
4786,1
4787,1
4788,1
4789,1
4790,15
4790,1
4790,12
4791,3
4792,1
4793,3
4794,3
4795,1
4796,3
4797,3
4798,3
4799,1
4800,10
4801,3
4802,1
4803,3
4804,1
4805,1
4806,19
4807,6
4808,6
4809,66
4810,6
4810,1
4811,35
4811,10
4812,1
4813,1
4814,1
4814,16
4815,1
4816,32
4817,17
4818,13
4819,1
4820,1
4820,16
4820,29
4821,6
4822,1
4823,15
4824,12
4825,1
4826,3
4827,37
4828,77
4829,1
4830,19
4831,66
4831,77
4834,1
4835,12
4836,10
4837,13
4838,1
4839,17
4840,3
4841,43
4842,13
4843,1
4844,7
4845,1
4846,1
4847,1
4848,19
4849,21
4850,25
4851,1
4852,1
4853,1
4853,10
4854,17
4855,1
4856,2
4858,16
4858,1
4858,13
4859,1
4860,25
4860,23
4861,3
4862,17
4863,17
4864,1
4865,1
4866,1
4867,10
4868,1
4869,6
4869,1
4870,1
4871,1
4872,7
4873,1
4874,16
4874,17
4874,1
4875,1
4876,6
4876,16
4876,1
4876,7
4877,13
4878,1
4879,23
4879,36
4879,91
4879,41
4880,1
4880,17
4880,16
4881,10
4882,15
4882,27
4883,19
4884,35
4885,68
4886,3
4887,3
4888,23
4888,1
4888,25
4889,1
4890,25
4890,19
4891,1
4892,16
4894,19
4896,1
4899,13
4900,3
4902,1
4903,19
4904,42
4904,54
4904,45
4904,53
4904,47
4905,3
4906,13
4908,1
4910,19
4912,1
4913,1
4916,7
4917,1
4918,32
4919,21
4920,1
4921,1
4922,16
4922,1
4923,1
4924,32
4925,7
4926,13
4927,1
4928,1
4928,16
4928,44
4928,6
4928,15
4928,22
4929,1
4930,13
4931,1
4932,35
4933,6
4934,55
4935,1
4936,1
4937,19
4937,35
4938,1
4939,1
4940,10
4940,1
4941,25
4942,6
4942,2
4942,12
4942,1
4943,13
4944,39
4945,13
4946,3
4947,1
4948,25
4948,32
4948,13
4948,41
4948,7
4948,46
4949,3
4950,52
4951,1
4952,6
4953,3
4954,3
4955,3
4956,3
4957,3
4958,6
4959,6
4960,1
4961,1
4962,1
4963,10
4964,6
4964,19
4964,1
4964,7
4965,16
4966,16
4967,16
4968,6
4969,6
4970,55
4970,59
4971,1
4972,48
4972,20
4972,7
4972,34
4973,1
4974,6
4975,1
4976,3
4977,1
4978,57
4978,1
4979,25
4980,1
4981,1
4983,17
4984,52
4985,45
4986,20
4987,41
4988,21
4989,17
4990,6
4991,1
4992,17
4993,6
4993,1
4994,1
4995,21
4996,3
4997,39
4997,1
4998,58
4998,7
4998,52
4999,1
5001,1
5002,25
5003,66
5004,16
5005,16
5006,1
5007,1
5008,3
5009,3
5010,3
5011,1
5012,7
5013,3
5014,19
5015,3
5016,16
5017,16
5018,16
5019,16
5020,16
5021,3
5022,3
5023,21
5024,6
5025,1
5026,19
5027,21
5027,15
5028,13
5029,6
5029,7
5030,1
5031,6
5032,21
5033,6
5034,17
5035,25
5036,1
5037,1
5038,1
5039,17
5040,1
5041,3
5042,1
5043,6
5043,16
5044,92
5045,1
5047,1
5048,1
5049,1
5051,51
5052,21
5053,1
5053,10
5054,1
5055,1
5056,7
5057,1
5058,6
5059,19
5060,1
5061,22
5062,10
5063,25
5064,1
5065,39
5065,1
5066,21
5067,35
5068,1
5070,1
5070,31
5071,17
5072,1
5073,1
5074,16
5074,1
5075,6
5076,19
5077,35
5078,17
5079,1
5080,93
5080,3
5081,3
5082,12
5082,57
5083,1
5084,9
5084,1
5085,1
5086,21
5087,1
5088,35
5089,3
5091,6
5091,1
5092,1
5093,17
5094,1
5095,19
5096,17
5097,17
5098,6
5099,17
5100,13
5101,1
5102,1
5103,16
5104,13
5105,13
5107,7
5108,1
5109,1
5111,1
5112,6
5113,12
5113,1
5114,1
5115,25
5116,16
5117,10
5117,1
5118,6
5119,16
5119,7
5119,2
5120,21
5122,1
5123,3
5124,1
5125,21
5125,15
5125,1
5126,1
5127,1
5128,1
5130,1
5131,3
5132,3
5132,93
5133,12
5133,1
5134,1
5135,1
5136,3
5137,17
5137,1
5138,1
5139,1
5140,49
5141,1
5142,17
5143,3
5143,10
5144,92
5144,7
5144,13
5145,13
5147,57
5147,24
5148,1
5149,1
5150,6
5151,6
5152,3
5153,1
5154,19
5155,17
5158,21
5159,1
5160,1
5161,12
5161,16
5162,1
5163,1
5164,1
5165,16
5165,1
5166,1
5167,1
5168,1
5169,1
5170,17
5171,28
5172,1
5173,16
5174,17
5175,17
5176,1
5177,10
5178,32
5179,17
5180,1
5181,1
5182,1
5183,1
5184,3
5186,16
5187,3
5188,19
5189,57
5190,7
5191,15
5196,22
5197,1
5198,1
5199,1
5200,16
5201,1
5202,1
5203,1
5204,1
5205,6
5206,16
5206,1
5207,6
5208,1
5209,1
5210,1
5211,1
5212,1
5213,13
5214,1
5215,3
5218,3
5219,31
5220,13
5221,3
5221,49
5222,1
5223,7
5223,34
5223,48
5224,11
5224,13
5224,7
5224,41
5225,10
5226,6
5227,1
5228,1
5229,42
5230,19
5231,1
5232,17
5233,15
5234,33
5234,1
5235,1
5236,21
5237,17
5238,1
5238,16
5239,19
5240,1
5240,23
5241,1
5242,16
5244,13
5244,6
5244,1
5245,1
5246,1
5247,22
5248,22
5249,58
5249,7
5250,10
5251,38
5252,6
5253,1
5254,1
5256,1
5258,6
5259,1
5261,13
5261,94
5262,1
5263,1
5263,17
5264,16
5265,16
5266,19
5266,25
5267,1
5268,1
5269,1
5270,1
5270,16
5271,68
5271,1
5272,1
5272,46
5273,1
5274,1
5275,12
5276,1
5277,1
5278,1
5279,19
5280,66
5281,1
5283,1
5284,1
5285,1
5286,1
5287,1
5288,1
5289,38
5290,38
5291,3
5293,17
5294,17
5295,1
5296,3
5297,3
5298,17
5299,17
5300,1
5301,3
5302,1
5303,1
5304,3
5305,3
5306,1
5306,35
5306,10
5307,7
5308,1
5309,13
5310,3
5310,93
5311,25
5311,19
5312,15
5313,6
5313,23
5313,37
5313,77
5313,1
5314,25
5314,64
5314,19
5314,13
5315,25
5316,1
5317,1
5318,12
5319,1
5320,1
5321,1
5322,1
5323,1
5324,6
5324,13
5324,1
5324,20
5325,11
5326,1
5327,1
5328,17
5329,1
5330,1
5331,10
5332,1
5333,1
5334,1
5335,3
5338,3
5341,1
5342,13
5342,16
5342,15
5342,68
5343,10
5344,1
5345,6
5345,13
5345,20
5345,1
5346,1
5347,19
5347,7
5348,22
5349,38
5350,21
5351,28
5352,29
5354,1
5355,38
5356,28
5359,1
5360,12
5362,66
5362,13
5363,22
5364,6
5365,13
5366,6
5367,6
5368,1
5369,1
5370,1
5371,52
5371,1
5372,3
5373,1
5374,19
5375,19
5376,1
5377,1
5378,1
5379,1
5380,1
5381,1
5382,16
5383,15
5384,15
5385,15
5386,1
5387,15
5388,13
5389,11
5390,12
5391,22
5392,3
5393,1
5393,16
5395,48
5396,11
5397,3
5398,6
5399,3
5400,22
5401,3
5403,19
5404,22
5405,22
5406,22
5407,22
5408,22
5409,3
5410,22
5411,22
5412,19
5413,1
5413,16
5414,1
5414,6
5415,17
5416,21
5416,1
5417,1
5418,1
5419,48
5419,1
5420,1
5421,3
5422,1
5423,1
5423,17
5423,16
5424,1
5425,1
5426,1
5427,1
5428,1
5429,23
5429,1
5430,3
5431,32
5432,6
5433,1
5434,21
5435,21
5436,21
5437,21
5438,15
5439,21
5440,21
5441,16
5441,1
5442,3
5443,44
5444,19
5445,6
5446,1
5447,21
5448,3
5449,6
5450,1
5451,6
5452,6
5453,3
5454,1
5455,32
5456,13
5456,6
5456,3
5457,16
5457,1
5458,22
5460,1
5461,3
5462,3
5463,3
5464,19
5465,46
5466,22
5467,6
5468,6
5469,1
5470,3
5471,1
5472,1
5473,3
5474,1
5475,13
5477,17
5478,43
5479,32
5480,1
5481,1
5482,3
5483,3
5484,1
5485,1
5486,3
5487,9
5487,95
5488,7
5488,1
5490,1
5491,6
5492,13
5492,16
5493,1
5494,1
5495,12
5496,10
5497,1
5498,1
5499,22
5499,13
5500,3
5501,3
5502,13
5502,20
5503,13
5503,20
5504,6
5505,16
5506,3
5507,16
5508,19
5508,36
5509,1
5509,12
5509,15
5510,21
5511,21
5512,1
5513,16
5513,1
5514,21
5515,19
5516,3
5517,2
5517,1
5517,7
5518,52
5519,1
5520,16
5521,1
5522,1
5523,1
5524,1
5525,1
5526,1
5527,7
5528,7
5529,7
5530,23
5531,18
5532,13
5532,20
5533,19
5534,1
5535,10
5536,1
5537,1
5538,21
5539,1
5540,19
5540,25
5541,1
5542,1
5543,11
5544,32
5545,1
5546,3
5547,1
5548,3
5549,1
5550,3
5551,19
5552,25
5553,19
5554,6
5556,6
5557,1
5558,1
5559,1
5559,6
5559,12
5560,32
5561,1
5562,1
5563,1
5564,17
5565,1
5566,1
5567,1
5568,12
5569,21
5570,17
5571,6
5571,17
5571,1
5572,3
5573,16
5574,6
5575,3
5576,1
5577,1
5578,70
5578,19
5579,1
5580,1
5581,21
5582,11
5583,1
5584,6
5585,3
5586,21
5587,1
5588,3
5589,32
5590,32
5591,1
5592,10
5593,21
5594,11
5595,1
5596,19
5597,1
5598,19
5598,23
5598,25
5599,21
5600,3
5601,7
5602,21
5603,16
5604,21
5605,19
5606,66
5606,19
5606,25
5606,7
5607,1
5608,6
5609,21
5610,17
5611,6
5611,1
5612,23
5613,90
5614,1
5615,10
5616,1
5617,3
5618,3
5619,3
5620,19
5621,19
5622,16
5622,1
5623,1
5624,10
5625,13
5626,6
5627,32
5628,1
5629,13
5630,3
5631,1
5632,1
5633,7
5634,61
5634,9
5635,7
5636,7
5637,13
5638,1
5639,53
5639,59
5640,1
5641,1
5642,6
5642,34
5642,59
5642,89
5643,1
5644,1
5645,16
5646,1
5647,1
5648,3
5649,1
5650,13
5650,20
5651,1
5652,3
5653,10
5654,21
5655,17
5656,1
5657,10
5658,1
5659,1
5660,13
5660,21
5660,17
5661,1
5662,1
5663,6
5664,1
5665,7
5666,21
5667,6
5668,21
5669,21
5670,21
5671,15
5672,21
5673,17
5674,21
5675,6
5676,21
5677,37
5677,7
5677,13
5678,16
5678,17
5678,48
5679,10
5680,1
5681,6
5682,1
5683,1
5683,51
5684,1
5685,38
5686,1
5687,13
5687,7
5688,1
5689,1
5690,1
5691,1
5692,13
5693,16
5694,16
5694,1
5695,1
5696,1
5697,3
5698,1
5699,77
5700,38
5701,38
5702,3
5703,1
5704,38
5705,1
5706,3
5707,10
5708,1
5709,1
5710,1
5711,3
5712,10
5713,1
5714,1
5715,13
5715,59
5716,35
5717,6
5718,7
5719,3
5720,1
5721,13
5722,1
5723,56
5724,6
5725,1
5726,61
5727,6
5728,38
5729,38
5730,38
5731,38
5732,38
5733,38
5734,1
5736,19
5737,16
5738,16
5738,1
5739,6
5739,7
5739,16
5740,13
5741,13
5741,20
5742,16
5743,13
5744,19
5745,1
5746,1
5747,13
5748,17
5749,17
5750,17
5751,13
5752,17
5753,6
5753,13
5754,17
5755,1
5756,1
5757,1
5758,1
5759,1
5760,1
5761,29
5761,2
5762,1
5763,38
5764,38
5765,31
5766,32
5767,38
5768,3
5769,38
5770,1
5770,28
5771,66
5771,1
5771,13
5772,38
5773,19
5774,1
5774,16
5775,1
5777,48
5778,38
5779,3
5780,1
5781,23
5782,38
5783,46
5783,1
5784,1
5785,1
5786,1
5793,16
5793,1
5794,1
5795,1
5796,6
5797,1
5798,1
5799,6
5801,1
5802,6
5803,6
5804,1
5805,6
5806,38
5807,6
5808,17
5809,1
5810,1
5811,1
5812,1
5813,6
5814,1
5815,6
5816,1
5817,1
5818,1
5819,1
5820,1
5821,1
5822,6
5823,6
5824,6
5825,1
5826,35
5827,6
5828,1
5829,1
5830,1
5830,13
5831,1
5832,1
5833,16
5834,3
5834,6
5835,17
5836,1
5837,1
5838,3
5840,10
5841,1
5842,15
5842,27
5843,1
5844,17
5845,12
5846,12
5847,1
5848,1
5849,16
5849,6
5849,1
5850,1
5851,1
5852,20
5852,13
5852,48
5853,1
5854,17
5854,1
5855,1
5856,16
5857,17
5858,1
5859,16
5860,6
5861,6
5862,1
5863,1
5864,17
5865,15
5865,1
5866,1
5867,1
5868,1
5869,1
5870,1
5872,1
5873,10
5874,27
5874,15
5875,27
5875,15
5876,1
5877,1
5878,13
5879,1
5880,1
5881,16
5882,1
5883,17
5884,1
5885,1
5886,1
5887,1
5888,1
5889,1
5890,1
5891,1
5892,1
5893,1
5894,6
5894,96
5894,1
5895,1
5897,1
5898,1
5899,1
5900,1
5901,1
5902,1
5903,7
5903,12
5903,13
5903,15
5904,1
5905,1
5906,1
5907,1
5908,1
5909,6
5910,10
5911,1
5912,1
5913,1
5914,1
5915,13
5916,1
5917,1
5918,1
5919,1
5921,1
5922,1
5923,58
5923,1
5924,16
5925,1
5926,6
5927,1
5928,1
5929,1
5930,1
5931,1
5931,97
5931,98
5932,1
5933,1
5934,1
5934,51
5934,29
5934,16
5935,1
5936,6
5936,45
5936,1
5937,1
5938,1
5939,1
5940,1
5940,6
5941,1
5942,1
5943,1
5944,1
5945,1
5946,1
5947,1
5948,1
5949,1
5950,1
5951,1
5952,1
5953,1
5954,1
5954,13
5954,6
5955,19
5955,10
5955,13
5956,1
5957,46
5958,1
5959,1
5960,1
5961,1
5962,3
5963,3
5964,18
5966,58
5966,56
5966,1
5967,3
5968,6
5969,3
5970,3
5971,3
5972,1
5973,16
5974,16
5976,56
5977,11
5978,1
5979,11
5980,1
5981,1
5982,1
5982,2
5983,19
5984,1
5985,6
5986,1
5987,21
5988,1
5989,1
5991,27
5991,15
5991,22
5992,1
5993,1
5993,7
5994,1
5995,1
5996,1
5997,1
5998,21
5999,6
6000,1
6001,1
6002,3
6003,1
6004,2
6004,15
6004,1
6005,25
6006,6
6007,1
6009,1
6010,44
6011,16
6012,45
6013,1
6014,46
6014,13
6014,41
6015,1
6016,1
6018,1
6019,1
6020,1
6021,44
6022,31
6022,6
6023,3
6024,1
6025,3
6026,82
6027,1
6028,1
6028,15
6029,3
6030,1
6031,1
6031,6
6032,6
6032,1
6033,1
6034,48
6034,46
6034,2
6035,16
6035,1
6036,3
6037,1
6038,38
6039,1
6040,1
6041,1
6042,1
6043,1
6044,1
6045,21
6047,57
6047,1
6048,1
6049,32
6050,1
6051,48
6052,6
6053,1
6054,1
6055,16
6056,3
6057,89
6057,13
6058,1
6058,6
6058,13
6059,1
6060,37
6060,1
6061,1
6062,1
6063,1
6064,3
6065,1
6066,1
6067,6
6068,1
6069,16
6070,1
6071,11
6072,3
6073,3
6074,3
6075,3
6076,3
6077,3
6078,45
6079,3
6080,21
6081,1
6082,6
6082,1
6082,13
6082,7
6083,25
6084,10
6085,16
6086,1
6086,6
6087,1
6088,11
6088,1
6089,16
6090,1
6091,13
6092,12
6092,13
6093,3
6094,16
6094,1
6095,6
6096,1
6097,1
6098,1
6099,1
6099,66
6100,6
6101,6
6103,3
6104,3
6105,1
6106,6
6107,3
6108,3
6109,45
6110,1
6110,39
6111,19
6112,1
6113,1
6114,1
6115,52
6115,1
6116,1
6117,29
6117,6
6117,1
6118,19
6118,23
6119,1
6120,1
6121,1
6122,6
6123,6
6123,13
6123,7
6124,1
6124,7
6124,16
6125,1
6126,1
6126,3
6127,6
6128,1
6129,1
6130,6
6131,3
6132,45
6133,1
6134,1
6135,1
6136,1
6137,1
6138,1
6139,1
6140,1
6141,1
6142,16
6143,16
6143,67
6144,1
6145,6
6145,1
6146,1
6147,1
6148,1
6148,16
6149,1
6150,6
6151,3
6152,1
6153,1
6154,1
6155,1
6156,45
6157,38
6158,1
6159,45
6160,3
6161,19
6162,1
6163,1
6164,1
6165,1
6166,3
6166,7
6167,3
6168,3
6169,3
6170,1
6171,32
6171,48
6171,1
6171,35
6171,61
6171,7
6172,1
6173,45
6175,1
6176,1
6177,3
6178,17
6179,1
6180,1
6181,1
6181,16
6182,13
6182,16
6182,20
6183,1
6184,45
6185,44
6186,1
6187,6
6187,1
6188,1
6189,1
6190,1
6191,21
6192,1
6193,16
6194,1
6194,16
6195,16
6195,13
6196,6
6197,66
6198,6
6199,12
6200,39
6200,1
6200,19
6200,16
6201,1
6202,52
6202,48
6203,3
6204,3
6205,11
6206,13
6206,1
6206,10
6207,3
6208,32
6209,16
6210,1
6211,12
6211,6
6211,57
6211,16
6212,1
6213,1
6214,6
6215,22
6215,1
6216,1
6216,16
6217,3
6218,3
6219,1
6220,66
6221,1
6222,1
6223,1
6224,82
6225,11
6226,1
6227,1
6228,43
6230,43
6231,43
6232,19
6233,3
6234,12
6234,99
6234,17
6234,34
6234,10
6234,100
6234,31
6234,55
6234,2
6234,52
6234,1
6234,64
6235,1
6236,1
6237,1
6238,1
6239,1
6240,1
6241,1
6241,16
6242,1
6242,16
6243,1
6244,1
6245,1
6246,66
6247,3
6248,1
6249,1
6249,13
6250,23
6251,1
6252,1
6253,1
6254,6
6255,3
6256,3
6257,1
6257,12
6258,1
6259,28
6260,7
6261,6
6261,1
6262,1
6263,16
6264,21
6265,16
6267,1
6268,1
6269,44
6270,45
6271,6
6271,29
6272,1
6273,1
6274,17
6274,1
6275,1
6277,11
6278,3
6279,6
6280,1
6281,16
6282,1
6283,1
6284,1
6285,1
6286,11
6287,7
6289,1
6290,3
6291,45
6292,17
6293,1
6293,3
6294,3
6294,89
6295,3
6296,3
6297,3
6299,3
6300,3
6301,3
6302,1
6302,13
6302,17
6303,1
6304,1
6305,6
6306,1
6306,7
6307,1
6308,46
6309,1
6310,6
6311,1
6312,6
6312,13
6313,1
6314,3
6315,3
6316,16
6317,1
6318,50
6319,16
6320,19
6321,3
6322,1
6323,1
6323,6
6324,11
6325,19
6326,1
6327,1
6328,1
6329,25
6329,19
6330,1
6331,1
6332,1
6333,1
6334,12
6334,1
6335,13
6336,43
6337,13
6338,1
6339,13
6339,20
6339,19
6340,1
6341,1
6342,6
6343,1
6343,13
6344,7
6344,1
6345,1
6346,16
6347,1
6349,16
6350,46
6350,52
6350,37
6350,1
6351,3
6352,6
6353,29
6353,6
6354,1
6354,56
6355,1
6356,1
6357,48
6358,12
6359,1
6360,3
6362,6
6363,1
6364,6
6364,28
6365,6
6366,16
6366,1
6367,32
6368,1
6369,1
6370,1
6371,1
6372,1
6372,37
6372,23
6372,2
6373,1
6374,1
6375,3
6376,12
6377,1
6378,1
6380,1
6381,15
6382,1
6383,16
6384,16
6385,16
6387,44
6387,22
6388,48
6388,46
6388,13
6388,7
6389,1
6391,1
6392,1
6393,21
6393,17
6394,6
6395,1
6396,1
6397,20
6397,13
6398,1
6399,6
6400,44
6401,25
6402,21
6403,6
6403,82
6404,3
6408,23
6409,10
6409,1
6410,1
6411,1
6412,16
6413,1
6414,21
6415,1
6416,1
6416,6
6417,13
6418,13
6418,31
6419,3
6420,29
6421,1
6422,55
6423,6
6423,1
6423,12
6424,1
6425,1
6426,1
6426,10
6427,17
6428,6
6428,9
6428,1
6428,7
6428,101
6429,27
6430,27
6432,1
6433,15
6433,7
6433,3
6433,1
6434,1
6434,12
6435,16
6436,58
6437,3
6438,1
6439,3
6440,3
6441,3
6442,82
6443,7
6443,102
6444,1
6445,44
6446,1
6446,52
6447,6
6447,1
6448,1
6449,1
6450,3
6451,1
6452,16
6453,27
6453,15
6454,1
6455,3
6455,13
6456,12
6457,1
6458,21
6459,1
6460,6
6461,6
6465,3
6466,3
6467,1
6468,18
6469,1
6471,15
6473,1
6473,3
6473,69
6474,6
6474,1
6475,1
6475,16
6475,13
6476,1
6477,1
6478,1
6479,16
6479,1
6480,1
6481,1
6482,1
6483,25
6484,49
6485,82
6486,3
6487,1
6488,6
6489,32
6489,13
6489,7
6490,6
6491,6
6492,1
6493,1
6493,6
6493,12
6494,1
6495,1
6496,3
6497,1
6498,1
6499,6
6500,1
6501,6
6501,1
6502,7
6502,1
6502,27
6502,22
6503,13
6503,7
6503,36
6504,1
6511,1
6511,7
6512,1
6513,3
6514,1
6515,1
6516,3
6517,7
6517,13
6517,67
6517,6
6517,1
6518,3
6519,16
6519,1
6519,6
6520,1
6522,1
6523,3
6524,6
6524,16
6524,23
6525,1
6526,9
6526,13
6527,1
6528,50
6529,29
6530,11
6531,3
6533,1
6534,1
6535,16
6537,1
6538,16
6539,12
6540,1
6541,1
6541,7
6542,3
6543,13
6544,38
6544,27
6544,1
6544,15
6545,1
6546,1
6547,3
6548,11
6549,1
6550,6
6551,1
6552,1
6553,25
6554,3
6555,1
6555,3
6556,1
6557,12
6558,7
6558,12
6559,7
6560,10
6561,6
6562,1
6563,1
6564,29
6565,3
6566,6
6566,41
6566,1
6567,1
6567,6
6567,13
6568,3
6569,3
6570,3
6571,6
6571,1
6572,15
6573,38
6574,1
6575,48
6576,1
6577,6
6578,3
6579,1
6580,1
6581,3
6582,1
6583,16
6584,1
6585,1
6586,6
6587,1
6588,12
6589,3
6590,1
6591,1
6592,46
6592,80
6593,1
6594,1
6596,1
6597,45
6598,6
6598,2
6599,1
6600,14
6600,52
6600,58
6600,103
6600,7
6601,16
6602,3
6603,3
6604,1
6605,3
6606,15
6606,27
6607,6
6608,6
6609,13
6609,20
6610,6
6610,1
6611,3
6612,1
6613,1
6614,16
6615,27
6616,1
6617,1
6618,2
6618,1
6618,31
6618,16
6620,1
6620,23
6620,6
6620,104
6621,1
6622,1
6623,1
6624,46
6624,13
6624,20
6624,23
6624,48
6624,1
6624,6
6625,1
6626,1
6627,1
6627,12
6627,10
6628,13
6629,13
6630,13
6631,6
6632,6
6633,1
6634,1
6635,6
6635,9
6635,7
6635,1
6636,1
6637,27
6638,1
6639,1
6640,1
6641,13
6641,15
6641,17
6641,1
6642,1
6643,1
6644,1
6645,1
6647,1
6647,21
6647,15
6648,1
6649,7
6650,7
6650,20
6651,1
6652,1
6653,1
6653,66
6654,82
6654,58
6654,1
6655,3
6656,1
6657,6
6658,1
6659,32
6660,6
6662,1
6663,1
6664,38
6665,1
6666,1
6667,3
6668,3
6669,3
6670,3
6671,1
6671,16
6671,20
6671,6
6672,19
6673,35
6674,35
6675,10
6676,26
6677,1
6678,19
6679,1
6681,48
6682,6
6683,1
6684,13
6687,6
6688,1
6689,44
6690,12
6691,1
6692,16
6692,13
6692,23
6692,94
6692,1
6693,1
6695,3
6696,6
6697,1
6699,16
6699,19
6699,13
6700,1
6701,16
6702,27
6702,1
6703,1
6703,44
6704,1
6705,41
6706,25
6707,10
6708,3
6709,23
6711,1
6712,6
6712,1
6713,1
6714,19
6714,13
6714,23
6715,6
6716,1
6717,6
6718,15
6720,1
6721,58
6722,1
6723,1
6724,1
6725,6
6725,1
6726,11
6727,11
6728,11
6729,11
6730,1
6731,1
6732,17
6733,6
6734,3
6735,1
6736,1
6737,7
6738,3
6739,1
6740,3
6741,45
6743,6
6744,1
6745,3
6746,1
6747,1
6748,18
6749,6
6750,1
6751,11
6752,1
6753,44
6754,1
6755,1
6755,16
6756,1
6756,7
6757,23
6757,13
6758,3
6759,1
6760,6
6760,16
6760,1
6761,6
6763,1
6765,57
6766,27
6767,1
6768,16
6768,1
6769,45
6770,1
6771,21
6772,27
6773,57
6773,1
6773,6
6775,1
6776,19
6777,1
6778,1
6779,10
6780,6
6781,1
6782,1
6783,1
6784,6
6785,1
6786,6
6787,32
6788,6
6788,37
6788,28
6789,6
6790,1
6791,7
6791,1
6792,19
6792,105
6793,6
6794,1
6794,7
6795,1
6795,32
6796,1
6797,1
6798,1
6799,1
6799,13
6799,10
6800,1
6800,106
6801,45
6802,1
6803,1
6804,1
6805,1
6806,7
6807,1
6808,45
6809,13
6809,6
6809,1
6810,1
6811,6
6811,1
6811,19
6811,7
6811,33
6811,16
6812,6
6812,1
6812,19
6812,7
6812,33
6812,16
6813,6
6813,1
6813,19
6813,7
6813,33
6813,16
6814,1
6815,16
6815,1
6816,1
6817,50
6818,1
6818,6
6819,1
6820,32
6820,13
6821,3
6822,28
6823,1
6824,44
6825,38
6826,3
6827,1
6827,23
6828,17
6829,44
6830,44
6831,17
6831,1
6832,3
6833,3
6834,1
6835,6
6836,6
6837,52
6838,1
6838,12
6839,23
6839,16
6839,13
6840,1
6841,6
6841,1
6842,1
6843,1
6844,1
6845,3
6846,43
6846,1
6847,17
6848,1
6848,12
6849,17
6850,1
6851,17
6852,3
6853,44
6854,1
6855,6
6855,46
6855,16
6855,88
6856,55
6857,1
6859,1
6860,1
6861,15
6861,27
6862,1
6863,1
6864,6
6865,3
6866,17
6867,6
6867,1
6868,1
6869,1
6870,12
6871,3
6872,23
6872,7
6873,1
6874,11
6875,1
6876,1
6877,1
6878,45
6879,1
6879,13
6879,6
6879,17
6880,1
6880,6
6880,46
6880,52
6881,1
6882,1
6883,1
6883,16
6884,1
6884,6
6885,1
6885,6
6885,23
6886,1
6887,1
6887,13
6887,16
6887,19
6888,3
6889,7
6889,1
6890,6
6891,19
6892,3
6893,1
6894,1
6895,6
6896,6
6897,1
6898,18
6899,1
6900,1
6901,16
6902,17
6903,6
6904,66
6905,11
6906,11
6908,3
6909,11
6910,1
6910,6
6910,16
6911,1
6911,17
6912,1
6913,3
6914,1
6915,45
6916,1
6917,1
6918,1
6919,6
6920,38
6921,1
6922,10
6923,6
6924,1
6925,6
6926,28
6926,1
6926,15
6928,1
6929,1
6929,16
6929,7
6930,1
6931,6
6932,1
6932,16
6933,49
6934,1
6935,1
6936,1
6937,3
6938,44
6939,1
6940,1
6941,12
6942,16
6942,1
6943,1
6944,29
6944,1
6945,1
6945,57
6946,1
6947,1
6948,12
6949,1
6950,1
6951,1
6952,16
6953,1
6953,15
6954,1
6954,16
6955,1
6956,16
6956,6
6957,1
6958,1
6959,1
6960,1
6961,3
6962,1
6963,27
6963,15
6964,46
6965,1
6966,21
6967,3
6968,15
6969,12
6970,16
6971,1
6972,6
6973,6
6974,3
6974,1
6975,25
6976,3
6977,12
6978,1
6979,6
6980,13
6981,82
6982,1
6983,11
6984,12
6985,1
6985,29
6986,1
6987,43
6988,43
6989,3
6991,1
6992,1
6993,1
6994,3
6995,1
6996,1
6996,2
6997,43
6998,1
6998,16
6999,6
7000,3
7001,29
7001,6
7001,23
7001,1
7003,1
7004,1
7005,6
7006,1
7007,20
7008,41
7009,1
7010,1
7010,16
7011,1
7011,16
7012,107
7012,88
7012,7
7012,9
7012,59
7013,1
7013,6
7014,1
7015,10
7015,1
7016,1
7017,16
7017,6
7017,48
7019,1
7020,1
7021,3
7022,1
7023,3
7024,3
7025,82
7026,6
7027,16
7028,1
7028,19
7028,7
7029,6
7030,1
7030,23
7031,1
7032,1
7033,1
7035,25
7036,3
7036,17
7037,6
7038,1
7039,1
7040,10
7041,15
7042,15
7042,21
7042,1
7043,6
7044,1
7045,1
7047,43
7048,6
7048,13
7048,20
7049,1
7050,1
7051,1
7052,16
7052,29
7052,1
7053,15
7053,27
7054,3
7055,1
7056,1
7056,13
7057,1
7058,1
7058,7
7059,13
7060,38
7061,1
7062,6
7062,1
7062,108
7063,11
7064,73
7064,1
7065,3
7066,6
7066,1
7067,1
7067,72
7068,1
7069,3
7070,6
7071,1
7072,1
7073,1
7074,1
7075,1
7076,1
7077,6
7078,7
7078,1
7079,7
7079,6
7079,1
7080,3
7081,6
7082,1
7083,37
7084,6
7085,10
7086,16
7087,1
7088,16
7089,17
7090,17
7091,17
7092,1
7093,16
7094,2
7094,7
7094,48
7094,13
7095,3
7096,3
7097,1
7098,1
7099,16
7099,1
7099,6
7099,13
7099,67
7100,3
7101,6
7102,21
7103,3
7104,1
7106,19
7107,45
7108,1
7110,3
7111,13
7111,20
7112,16
7113,1
7113,29
7114,1
7115,50
7116,3
7118,3
7119,3
7120,82
7121,17
7122,1
7123,41
7124,1
7125,1
7126,1
7127,1
7128,29
7128,1
7128,13
7129,1
7130,3
7131,1
7132,28
7133,1
7135,6
7136,3
7137,1
7138,3
7140,1
7141,6
7142,3
7143,66
7144,10
7145,3
7146,1
7148,1
7149,1
7150,1
7151,1
7152,1
7152,12
7153,7
7153,1
7153,16
7154,27
7155,1
7156,17
7157,6
7157,7
7157,16
7157,1
7158,11
7159,3
7160,3
7161,3
7162,3
7163,3
7164,3
7165,1
7165,13
7165,16
7165,53
7165,59
7166,3
7167,6
7168,3
7169,3
7170,3
7171,1
7172,3
7173,1
7174,3
7175,3
7176,1
7177,1
7178,1
7179,1
7180,1
7181,1
7182,1
7183,82
7184,3
7185,3
7186,3
7187,3
7188,3
7189,3
7190,3
7191,3
7192,1
7193,1
7194,1
7195,55
7196,48
7196,20
7196,6
7196,1
7198,1
7198,17
7199,1
7200,6
7201,13
7202,1
7203,1
7204,1
7205,1
7206,51
7207,6
7208,1
7209,1
7209,16
7211,1
7212,13
7212,20
7212,15
7212,1
7213,3
7214,1
7216,6
7217,49
7218,17
7219,1
7219,66
7219,37
7220,1
7221,1
7221,6
7221,12
7222,6
7224,6
7224,58
7224,46
7224,7
7224,52
7225,3
7226,58
7226,46
7226,52
7231,3
7235,1
7237,1
7238,1
7239,3
7240,27
7240,15
7240,1
7241,10
7241,1
7242,1
7243,15
7243,3
7243,30
7245,6
7246,11
7247,11
7248,3
7249,1
7250,3
7251,25
7252,1
7253,1
7254,23
7255,1
7257,10
7258,10
7259,35
7259,10
7259,1
7260,3
7261,43
7262,27
7263,1
7264,1
7265,35
7266,3
7267,6
7268,1
7268,10
7269,21
7270,1
7271,6
7271,21
7272,1
7272,13
7273,13
7274,13
7275,1
7275,29
7276,1
7277,1
7278,1
7280,6
7281,3
7282,1
7282,16
7283,1
7283,12
7284,15
7285,27
7286,1
7287,1
7289,46
7291,46
7291,15
7293,1
7293,23
7294,13
7295,1
7296,11
7297,1
7298,16
7299,1
7300,1
7301,1
7302,6
7303,16
7304,27
7305,1
7306,10
7307,1
7308,6
7309,1
7309,3
7310,45
7312,27
7313,12
7314,12
7315,12
7316,1
7316,33
7316,32
7317,1
7321,1
7322,1
7323,1
7324,1
7325,19
7326,10
7327,6
7328,6
7328,1
7329,13
7329,1
7330,10
7331,1
7332,21
7332,13
7333,6
7333,1
7334,6
7335,16
7336,27
7337,7
7338,3
7341,35
7342,1
7342,12
7342,109
7342,6
7343,16
7344,38
7345,1
7346,27
7347,3
7348,27
7349,21
7351,1
7352,45
7353,44
7354,6
7355,7
7355,6
7356,1
7357,1
7358,27
7359,25
7360,15
7361,3
7362,3
7363,25
7363,66
7363,77
7364,3
7365,3
7365,13
7366,1
7367,3
7368,12
7368,1
7369,1
7370,1
7371,1
7372,27
7373,3
7374,1
7375,66
7376,23
7377,17
7378,13
7378,20
7379,13
7380,58
7381,3
7382,3
7383,3
7384,3
7385,27
7386,11
7386,110
7387,3
7388,3
7389,3
7390,1
7391,1
7391,15
7391,27
7392,6
7392,13
7394,3
7395,3
7396,1
7397,1
7398,1
7399,6
7400,6
7401,3
7402,3
7403,6
7404,16
7404,1
7405,1
7407,1
7408,3
7409,1
7410,1
7411,27
7411,15
7412,1
7413,1
7414,3
7416,1
7417,17
7418,1
7418,6
7419,6
7420,3
7421,21
7422,25
7423,3
7424,1
7425,27
7426,45
7427,1
7428,1
7429,3
7430,10
7431,16
7432,1
7433,16
7434,41
7434,90
7435,6
7436,6
7437,12
7438,3
7440,1
7441,21
7442,7
7442,1
7442,52
7443,1
7444,1
7445,16
7445,19
7446,44
7448,19
7449,18
7450,1
7451,3
7452,6
7453,1
7453,68
7454,3
7455,1
7455,33
7457,1
7458,13
7459,3
7460,1
7461,16
7461,1
7462,1
7462,16
7463,3
7464,10
7465,17
7466,58
7466,6
7466,13
7466,29
7467,1
7468,1
7469,38
7470,1
7471,1
7472,1
7472,6
7473,6
7473,41
7474,49
7475,1
7476,3
7477,1
7478,1
7479,18
7480,15
7480,16
7480,1
7481,21
7482,1
7483,1
7483,19
7485,1
7486,6
7487,16
7488,45
7489,7
7489,6
7490,1
7491,1
7492,1
7493,1
7494,1
7495,1
7496,1
7497,1
7498,1
7499,1
7500,1
7501,1
7502,1
7503,16
7504,1
7504,7
7505,6
7506,6
7507,6
7507,1
7508,1
7509,13
7509,20
7510,82
7510,1
7511,7
7511,1
7512,1
7513,3
7514,3
7515,12
7516,1
7517,1
7518,1
7519,37
7519,52
7519,7
7519,48
7520,27
7521,1
7522,16
7523,45
7524,1
7525,3
7526,13
7527,1
7528,1
7529,1
7530,19
7531,1
7532,16
7533,3
7534,1
7535,45
7536,1
7537,16
7538,23
7539,6
7540,36
7540,13
7542,1
7542,16
7543,1
7543,16
7545,27
7546,6
7547,1
7548,6
7549,43
7550,6
7550,1
7552,1
7553,3
7554,1
7554,10
7555,23
7555,3
7556,29
7557,1
7557,111
7558,3
7559,1
7560,17
7561,1
7562,1
7564,1
7565,1
7566,3
7567,1
7568,1
7569,6
7569,1
7570,1
7571,1
7572,1
7572,6
7573,1
7573,6
7574,6
7575,6
7576,1
7577,1
7578,66
7578,25
7578,13
7578,19
7578,1
7579,1
7580,1
7581,1
7582,1
7583,3
7584,1
7585,1
7586,1
7588,1
7588,12
7589,17
7590,16
7590,1
7591,3
7592,66
7593,1
7594,58
7595,1
7596,3
7596,1
7597,1
7597,3
7597,21
7597,15
7598,6
7599,1
7600,1
7601,1
7602,1
7603,1
7604,1
7605,1
7606,1
7607,1
7608,1
7609,1
7610,1
7611,1
7612,1
7613,1
7614,1
7615,1
7616,1
7617,1
7618,1
7619,1
7620,1
7621,1
7622,1
7623,6
7623,16
7624,7
7626,37
7627,23
7628,17
7629,1
7630,6
7631,46
7631,7
7631,20
7631,6
7631,13
7632,46
7632,7
7632,20
7632,6
7632,13
7632,52
7634,6
7635,1
7636,13
7636,36
7636,19
7636,1
7636,57
7637,12
7638,1
7639,1
7640,1
7641,27
7642,19
7643,1
7644,43
7645,43
7647,16
7648,1
7649,1
7650,13
7651,45
7652,27
7653,32
7653,3
7653,15
7653,1
7654,3
7655,1
7656,1
7657,1
7658,1
7659,6
7660,23
7660,1
7661,43
7662,1
7663,3
7664,1
7665,1
7666,3
7667,1
7668,46
7668,13
7668,1
7668,52
7669,12
7669,85
7670,1
7671,21
7672,6
7673,15
7673,27
7675,6
7676,21
7677,15
7677,94
7677,27
7678,1
7679,27
7680,1
7681,3
7682,12
7682,57
7683,3
7684,6
7685,16
7685,1
7685,7
7686,15
7687,6
7688,6
7688,43
7689,3
7690,1
7691,1
7692,3
7693,26
7693,35
7694,12
7695,43
7696,1
7697,1
7698,27
7699,1
7700,6
7701,19
7702,1
7703,3
7704,16
7705,1
7706,16
7707,3
7708,3
7709,1
7710,1
7711,35
7711,1
7712,1
7713,3
7714,1
7715,1
7716,11
7717,1
7718,3
7719,1
7720,3
7721,43
7722,1
7723,1
7724,49
7725,6
7725,1
7726,29
7726,6
7726,1
7727,1
7727,19
7728,16
7729,1
7730,1
7731,13
7731,7
7731,9
7731,20
7732,1
7733,1
7733,12
7735,13
7735,20
7736,1
7737,3
7738,43
7739,18
7740,3
7741,1
7742,1
7743,3
7744,1
7745,3
7746,25
7747,13
7748,6
7749,6
7750,1
7751,13
7751,20
7752,1
7752,6
7753,1
7754,16
7754,1
7755,36
7755,112
7755,23
7755,7
7755,13
7756,1
7757,1
7758,70
7758,13
7758,41
7758,1
7759,6
7760,3
7762,1
7764,1
7765,1
7765,13
7765,17
7766,1
7767,13
7767,17
7767,1
7768,1
7768,13
7768,17
7769,1
7770,1
7770,31
7771,1
7771,31
7771,17
7772,1
7773,1
7773,31
7774,1
7775,1
7776,1
7777,1
7779,1
7781,1
7782,1
7783,1
7784,1
7784,13
7784,17
7785,1
7785,48
7785,17
7785,13
7786,1
7786,13
7786,17
7787,1
7788,1
7789,1
7790,3
7790,36
7791,1
7792,3
7793,1
7794,1
7795,27
7797,1
7798,1
7799,1
7800,16
7801,25
7802,3
7803,1
7804,16
7804,3
7805,6
7806,3
7807,3
7808,1
7809,1
7810,6
7810,1
7811,38
7812,1
7812,94
7815,1
7817,1
7818,1
7819,32
7820,3
7821,1
7822,3
7823,1
7824,15
7825,3
7826,3
7827,1
7828,3
7829,3
7830,22
7830,17
7830,13
7831,3
7832,21
7833,3
7834,82
7835,1
7836,3
7837,45
7838,3
7840,1
7841,10
7842,16
7843,1
7844,12
7845,1
7846,3
7847,6
7848,1
7850,45
7851,6
7852,1
7853,49
7854,16
7854,10
7854,7
7854,2
7855,1
7856,6
7856,1
7856,16
7857,16
7858,7
7858,13
7858,1
7858,16
7858,6
7859,1
7860,1
7861,27
7862,3
7864,27
7864,1
7865,6
7866,1
7866,6
7867,10
7868,1
7869,1
7870,3
7871,6
7871,29
7872,3
7873,3
7874,3
7875,3
7876,18
7877,23
7878,6
7879,1
7879,17
7880,1
7881,1
7882,1
7883,1
7884,1
7885,1
7886,45
7887,1
7888,1
7888,64
7889,3
7889,16
7890,29
7890,16
7890,6
7890,1
7891,16
7892,6
7892,7
7893,43
7895,1
7896,1
7897,1
7898,10
7899,3
7900,10
7901,27
7902,1
7902,7
7902,12
7903,3
7904,1
7905,1
7906,1
7907,17
7908,1
7909,1
7910,1
7911,3
7912,23
7913,1
7914,3
7915,23
7915,13
7916,11
7917,16
7918,3
7919,82
7920,3
7921,1
7922,3
7923,3
7924,3
7925,45
7926,3
7927,3
7928,45
7929,2
7929,1
7931,1
7932,3
7933,3
7934,1
7935,12
7935,13
7935,29
7936,13
7937,16
7938,12
7938,3
7939,3
7940,3
7941,3
7942,1
7944,3
7945,3
7946,1
7947,1
7948,45
7949,1
7950,1
7950,6
7950,12
7951,1
7952,1
7953,1
7954,1
7955,23
7955,13
7956,1
7957,1
7958,1
7959,1
7960,1
7961,1
7961,6
7961,16
7961,17
7962,1
7963,1
7964,1
7965,1
7966,52
7966,6
7966,14
7967,1
7968,27
7968,38
7969,21
7970,1
7970,6
7970,19
7970,21
7971,1
7972,1
7973,1
7974,6
7975,1
7976,6
7977,1
7978,6
7979,6
7980,1
7980,6
7981,11
7982,6
7982,13
7982,1
7983,16
7984,84
7985,96
7986,1
7987,1
7988,1
7989,6
7989,13
7990,10
7991,1
7992,37
7993,3
7994,23
7994,2
7994,90
7994,12
7994,1
7995,3
7996,3
7997,3
7998,27
7999,1
8000,3
8001,1
8002,1
8003,6
8003,1
8004,1
8004,7
8004,6
8004,12
8005,3
8006,1
8007,12
8008,12
8009,3
8010,1
8011,1
8011,57
8012,6
8012,1
8013,3
8013,1
8014,43
8015,23
8015,13
8015,36
8016,1
8017,3
8018,1
8019,16
8019,13
8019,1
8020,1
8021,28
8022,35
8022,10
8022,1
8023,1
8023,35
8024,3
8025,44
8026,36
8026,1
8027,77
8028,1
8029,1
8030,43
8030,16
8030,1
8031,1
8032,1
8033,15
8033,27
8033,1
8034,15
8034,27
8035,1
8035,13
8036,1
8037,1
8038,1
8039,1
8040,1
8041,1
8042,6
8042,31
8043,1
8044,1
8045,1
8046,1
8047,1
8048,3
8049,1
8050,44
8051,10
8052,1
8053,1
8054,9
8054,6
8054,13
8055,1
8056,1
8057,12
8057,6
8057,16
8058,1
8059,43
8060,1
8061,1
8062,6
8063,1
8064,1
8065,1
8066,1
8067,6
8068,1
8069,1
8070,6
8071,1
8072,1
8073,1
8073,13
8074,113
8074,1
8075,1
8076,1
8077,1
8078,19
8079,1
8080,1
8081,16
8082,16
8082,1
8082,6
8083,1
8084,1
8085,6
8086,36
8087,1
8088,1
8089,45
8090,1
8091,3
8092,43
8093,1
8094,1
8094,16
8095,21
8096,1
8097,12
8097,6
8097,1
8097,31
8097,23
8097,13
8098,1
8099,3
8100,1
8101,16
8102,1
8102,6
8103,13
8103,1
8103,16
8104,12
8104,6
8105,48
8105,20
8106,1
8107,1
8108,21
8109,32
8111,1
8112,1
8113,23
8113,13
8114,43
8115,3
8116,37
8117,6
8117,13
8117,16
8117,20
8117,1
8118,21
8119,1
8120,46
8120,6
8120,52
8121,3
8121,13
8122,3
8123,3
8124,1
8125,3
8126,1
8126,21
8126,15
8127,1
8128,1
8129,1
8130,6
8131,1
8132,44
8133,1
8134,1
8135,1
8136,1
8137,3
8139,1
8139,6
8140,1
8140,16
8141,1
8141,52
8142,15
8142,27
8143,27
8144,1
8145,3
8146,3
8147,1
8147,7
8148,13
8148,1
8149,6
8149,1
8150,3
8151,13
8152,1
8153,1
8154,45
8155,1
8156,1
8157,3
8158,1
8159,27
8159,1
8160,1
8160,27
8162,3
8163,1
8163,114
8164,25
8164,13
8164,1
8164,7
8164,59
8165,27
8166,10
8167,1
8167,7
8167,6
8168,1
8168,7
8168,6
8168,23
8169,13
8170,1
8171,3
8172,6
8172,3
8173,3
8174,3
8175,1
8176,1
8177,1
8178,10
8178,19
8179,16
8180,1
8182,16
8183,12
8184,1
8185,1
8185,31
8185,6
8186,25
8187,21
8188,1
8189,1
8190,1
8191,14
8191,1
8192,1
8193,45
8194,22
8195,19
8195,13
8195,64
8196,16
8196,1
8197,1
8197,16
8198,13
8198,16
8198,1
8199,6
8199,1
8201,1
8202,6
8203,1
8204,27
8205,1
8206,1
8208,32
8209,6
8210,6
8211,1
8212,1
8213,16
8213,1
8214,1
8215,6
8216,1
8217,6
8218,1
8219,13
8220,1
8221,1
8222,1
8222,16
8222,15
8223,6
8223,1
8224,1
8225,1
8226,29
8226,16
8226,67
8226,1
8226,6
8226,55
8226,3
8227,1
8228,18
8229,1
8229,9
8229,6
8230,1
8232,27
8233,1
8233,15
8234,1
8235,37
8235,7
8236,3
8237,16
8238,1
8239,1
8240,1
8241,45
8242,18
8243,1
8244,12
8245,45
8246,19
8246,10
8247,10
8247,13
8248,6
8248,1
8249,1
8250,1
8251,6
8252,1
8253,1
8254,16
8255,37
8255,7
8255,41
8255,67
8255,20
8255,13
8255,1
8256,45
8257,1
8258,21
8259,1
8260,1
8261,41
8262,6
8262,17
8262,1
8263,1
8264,6
8264,1
8265,3
8266,44
8267,1
8267,6
8268,3
8269,6
8270,12
8271,61
8271,1
8272,16
8272,12
8273,1
8273,27
8274,25
8274,66
8275,1
8276,23
8276,1
8277,1
8278,17
8279,1
8280,1
8281,44
8282,1
8282,27
8283,16
8284,1
8285,1
8286,1
8287,6
8287,115
8288,1
8289,1
8290,1
8291,1
8292,6
8292,1
8293,1
8294,6
8295,6
8296,1
8297,1
8298,18
8299,1
8300,1
8300,33
8300,6
8301,32
8302,1
8303,6
8304,27
8305,1
8306,1
8307,27
8308,1
8308,15
8309,1
8310,6
8310,15
8310,1
8310,3
8311,6
8312,1
8313,1
8313,33
8314,31
8315,1
8316,6
8316,1
8317,58
8318,44
8319,1
8320,1
8321,1
8321,52
8321,58
8322,3
8323,37
8324,1
8325,1
8326,1
8327,6
8327,1
8327,94
8328,1
8328,6
8328,94
8331,21
8332,6
8333,3
8334,1
8334,12
8335,6
8336,1
8337,1
8338,1
8339,1
8340,19
8340,16
8340,1
8341,16
8342,1
8343,16
8344,19
8345,1
8346,1
8347,43
8349,1
8350,3
8351,3
8352,16
8353,1
8353,3
8353,57
8354,6
8355,6
8355,1
8356,1
8357,6
8357,16
8357,13
8357,1
8358,6
8359,10
8360,46
8361,1
8362,1
8363,1
8364,6
8365,6
8366,1
8367,6
8368,1
8370,6
8370,13
8371,13
8372,1
8373,1
8374,3
8374,7
8374,13
8375,44
8376,1
8378,6
8378,1
8378,12
8379,16
8379,1
8380,21
8381,1
8382,1
8383,20
8383,29
8383,48
8383,7
8383,116
8384,12
8385,13
8385,1
8386,1
8387,32
8388,6
8389,1
8390,1
8391,1
8392,3
8394,16
8394,1
8395,1
8396,13
8396,16
8396,23
8396,1
8396,15
8397,7
8398,1
8399,29
8399,6
8399,33
8399,13
8399,48
8400,29
8401,1
8402,1
8403,1
8404,46
8404,44
8404,14
8404,58
8404,6
8404,37
8404,13
8404,1
8404,7
8404,48
8405,31
8405,1
8406,31
8406,1
8407,6
8407,7
8407,1
8408,6
8409,41
8410,27
8411,1
8411,12
8411,2
8411,6
8412,6
8412,1
8412,19
8412,7
8412,33
8412,16
8413,1
8414,1
8414,7
8414,10
8415,1
8416,1
8417,1
8418,1
8419,21
8420,1
8421,1
8421,6
8422,1
8423,1
8424,13
8425,19
8426,46
8427,1
8427,16
8428,31
8429,1
8430,52
8431,1
8432,6
8433,23
8435,1
8436,1
8437,1
8438,1
8439,16
8440,1
8441,7
8442,1
8443,1
8444,1
8445,55
8446,1
8447,6
8448,6
8449,1
8450,1
8452,1
8453,6
8453,1
8454,7
8455,1
8455,9
8456,1
8457,117
8457,65
8457,118
8457,2
8457,1
8458,6
8458,1
8459,1
8460,3
8461,45
8462,1
8463,16
8463,1
8464,21
8465,1
8465,6
8466,1
8466,9
8467,1
8468,21
8469,1
8470,1
8471,1
8472,16
8473,44
8474,1
8474,7
8475,1
8476,3
8477,6
8478,1
8478,16
8478,17
8478,119
8479,1
8480,1
8481,31
8483,13
8484,6
8484,19
8484,20
8485,73
8485,21
8485,107
8486,45
8487,1
8488,6
8489,1
8490,1
8491,28
8492,6
8493,1
8494,12
8494,1
8495,1
8495,6
8496,1
8497,46
8497,6
8497,2
8497,52
8497,20
8498,12
8499,7
8499,16
8499,1
8500,1
8501,1
8502,1
8502,13
8502,17
8503,1
8504,1
8505,3
8506,1
8507,23
8508,1
8509,10
8510,44
8511,96
8512,1
8513,1
8514,1
8515,41
8516,1
8517,6
8518,1
8519,1
8520,1
8521,1
8522,6
8523,1
8524,1
8524,16
8525,1
8526,1
8526,6
8527,1
8528,1
8529,45
8530,1
8531,6
8532,1
8532,57
8533,1
8534,1
8535,1
8536,1
8537,6
8538,1
8539,6
8540,29
8540,16
8540,1
8540,6
8541,1
8542,1
8543,1
8544,43
8546,1
8547,20
8547,13
8548,1
8549,1
8550,1
8551,45
8552,1
8553,12
8553,1
8554,31
8554,6
8554,12
8555,1
8556,55
8557,18
8558,1
8559,6
8559,16
8559,1
8560,1
8561,15
8562,6
8563,37
8564,13
8565,6
8565,1
8566,6
8567,16
8568,38
8569,29
8570,27
8571,16
8572,3
8573,1
8574,1
8575,43
8576,21
8577,15
8578,20
8579,3
8579,1
8580,43
8581,1
8582,1
8582,16
8583,6
8584,6
8584,12
8584,16
8584,1
8585,27
8585,15
8587,1
8588,1
8589,15
8590,15
8591,3
8592,3
8595,1
8596,1
8597,7
8597,1
8597,23
8598,1
8598,26
8599,1
8600,6
8601,16
8602,6
8602,16
8602,17
8604,6
8604,1
8605,6
8605,1
8605,9
8606,1
8607,3
8608,1
8609,1
8611,1
8612,3
8613,43
8614,21
8615,6
8616,1
8617,6
8617,15
8617,1
8618,6
8618,32
8618,7
8619,1
8620,6
8621,16
8622,1
8624,1
8625,1
8626,2
8626,1
8627,1
8627,2
8628,6
8629,3
8630,3
8631,3
8632,1
8633,6
8633,75
8633,2
8633,80
8633,1
8634,28
8635,1
8636,1
8637,1
8638,1
8639,16
8639,1
8639,3
8639,6
8640,3
8641,1
8641,6
8642,1
8643,1
8644,17
8644,1
8645,1
8646,1
8647,6
8648,3
8649,6
8650,16
8651,12
8652,1
8652,13
8653,3
8654,43
8655,6
8655,16
8655,1
8656,1
8657,1
8658,1
8659,36
8659,6
8659,1
8660,16
8661,1
8662,6
8662,7
8663,16
8663,3
8664,45
8665,1
8666,3
8667,45
8668,1
8669,1
8669,6
8669,7
8670,1
8671,1
8672,3
8673,3
8674,1
8675,6
8675,3
8675,52
8676,1
8677,6
8677,20
8678,1
8679,1
8681,3
8682,3
8683,11
8684,3
8685,21
8686,6
8687,82
8688,3
8689,3
8690,1
8692,1
8693,6
8694,1
8695,1
8695,16
8696,3
8697,1
8697,3
8698,6
8699,45
8700,10
8701,41
8702,1
8703,1
8703,32
8703,3
8703,120
8703,15
8704,6
8704,13
8704,1
8705,1
8706,19
8707,1
8708,1
8709,1
8709,25
8710,41
8711,1
8712,27
8713,6
8714,3
8715,1
8716,1
8716,13
8717,1
8718,41
8720,15
8721,11
8722,38
8723,1
8724,6
8725,1
8726,44
8727,1
8728,6
8728,3
8728,1
8729,77
8729,1
8729,6
8730,7
8730,1
8730,6
8730,16
8731,1
8732,1
8733,6
8734,6
8735,1
8736,1
8737,38
8738,6
8739,16
8739,3
8739,43
8739,1
8739,57
8740,1
8741,6
8742,6
8743,1
8744,1
8745,6
8746,1
8746,121
8746,90
8747,13
8747,48
8747,2
8747,14
8748,1
8749,12
8750,11
8751,1
8752,1
8753,1
8754,16
8755,1
8756,1
8757,1
8758,1
8759,6
8761,1
8762,82
8763,3
8764,1
8765,1
8766,16
8766,1
8767,1
8768,1
8769,10
8770,3
8771,3
8772,3
8773,3
8774,3
8775,45
8775,61
8775,1
8776,3
8777,13
8777,20
8778,43
8779,43
8780,43
8781,1
8782,17
8782,1
8783,1
8785,28
8785,19
8787,6
8788,1
8789,88
8789,107
8789,73
8789,122
8790,55
8791,1
8792,1
8793,27
8794,1
8795,45
8795,13
8796,17
8796,16
8797,11
8798,1
8798,13
8798,21
8798,44
8799,3
8800,3
8801,82
8802,57
8802,34
8803,1
8805,1
8806,1
8807,3
